target.name,target.accession,query.name,query.accession,full.seq.E-value,full.seq.score,full.seq.bias,best.domain.E-value,best.domain.score,best.domain.bias,exp,reg,clu,ov,env,dom,rep,inc,description.of.target,group
WP_003226225.1,-,Sigma70_r2,PF04542.15,2.4e-23,79.7,0.3,4.4e-23,78.9,0.3,1.4,1,0,0,1,1,1,1,MULTISPECIES: RNA polymerase sigma factor RpoD [Bacillus],bacteria
WP_003234958.1,-,Sigma70_r2,PF04542.15,2.2e-22,76.7,0.2,4e-22,75.8,0.2,1.4,1,0,0,1,1,1,1,MULTISPECIES: RNA polymerase sigma factor SigW [Bacillus],bacteria
WP_003224177.1,-,Sigma70_r2,PF04542.15,9.1e-20,68.2,0.3,2e-19,67.2,0.3,1.6,2,0,0,2,2,2,1,MULTISPECIES: RNA polymerase sigma factor SigM [Bacillus],bacteria
WP_003221446.1,-,Sigma70_r2,PF04542.15,1.4e-19,67.7,0.2,2.6e-19,66.8,0,1.5,2,0,0,2,2,2,1,MULTISPECIES: RNA polymerase sporulation sigma factor SigE [Bacillus],bacteria
WP_003230458.1,-,Sigma70_r2,PF04542.15,3e-18,63.4,0,7.8e-18,62,0,1.7,1,0,0,1,1,1,1,MULTISPECIES: RNA polymerase sporulation sigma factor SigF [Bacillus],bacteria
WP_009967190.1,-,Sigma70_r2,PF04542.15,7.8e-18,62.1,0,1.5e-17,61.1,0,1.5,1,0,0,1,1,1,1,MULTISPECIES: RNA polymerase sporulation sigma factor SigG [Bacillus],bacteria
WP_003245485.1,-,Sigma70_r2,PF04542.15,7.4e-17,58.9,1.2,2.4e-16,57.3,1.8,1.5,2,0,0,2,2,2,1,MULTISPECIES: RNA polymerase sigma factor YlaC [Bacillus],bacteria
WP_003230521.1,-,Sigma70_r2,PF04542.15,3.4e-16,56.8,0.5,5.8e-16,56,0.5,1.4,1,0,0,1,1,1,1,MULTISPECIES: RNA polymerase sigma factor SigX [Bacteria],bacteria
WP_003220911.1,-,Sigma70_r2,PF04542.15,4.8e-16,56.3,0,1.1e-15,55.2,0,1.6,1,0,0,1,1,1,1,MULTISPECIES: RNA polymerase sigma-28 factor SigD [Bacillus],bacteria
WP_003225758.1,-,Sigma70_r2,PF04542.15,4.2e-15,53.3,0.1,8e-15,52.4,0.1,1.5,1,0,0,1,1,1,1,MULTISPECIES: RNA polymerase sporulation sigma factor SigH [Bacillus],bacteria
WP_003243678.1,-,Sigma70_r2,PF04542.15,5.2e-14,49.8,0.1,8.6e-14,49.1,0.1,1.4,1,0,0,1,1,1,1,MULTISPECIES: RNA polymerase sigma factor SigY [Bacilli],bacteria
WP_003246715.1,-,Sigma70_r2,PF04542.15,2e-13,48,0,6.9e-13,46.2,0,1.9,1,1,1,2,2,2,1,MULTISPECIES: RNA polymerase sigma factor SigB [Bacillus],bacteria
WP_004398891.1,-,Sigma70_r2,PF04542.15,2.8e-13,47.4,0.1,4.8e-13,46.7,0.1,1.4,1,0,0,1,1,1,1,MULTISPECIES: RNA polymerase sigma factor SigV [Bacillus],bacteria
WP_004398507.1,-,Sigma70_r2,PF04542.15,1.2e-11,42.3,0.1,2.2e-11,41.4,0.1,1.4,1,0,0,1,1,1,1,MULTISPECIES: RNA polymerase sigma factor SigZ [Bacillus],bacteria
NP_626707.1,-,Sigma70_r2,PF04542.15,2.4e-24,83.8,0.5,5.5e-24,82.7,0.5,1.6,1,0,0,1,1,1,1,RNA polymerase principal sigma factor [Streptomyces coelicolor A3(2)],bacteria
NP_629943.1,-,Sigma70_r2,PF04542.15,5.8e-23,79.4,0.3,1.1e-22,78.5,0.3,1.5,1,0,0,1,1,1,1,RNA polymerase sigma factor [Streptomyces coelicolor A3(2)],bacteria
NP_629389.1,-,Sigma70_r2,PF04542.15,1.3e-21,75,0,2.7e-21,74,0,1.6,1,0,0,1,1,1,1,RNA polymerase sigma factor [Streptomyces coelicolor A3(2)],bacteria
NP_629048.1,-,Sigma70_r2,PF04542.15,1.5e-21,74.9,0.1,3.6e-21,73.6,0.1,1.7,1,0,0,1,1,1,1,RNA polymerase factor sigma-70 [Streptomyces coelicolor A3(2)],bacteria
NP_627416.1,-,Sigma70_r2,PF04542.15,2.3e-21,74.3,0.3,4.6e-21,73.3,0.3,1.6,1,0,0,1,1,1,1,RNA polymerase principal sigma factor [Streptomyces coelicolor A3(2)],bacteria
NP_629295.1,-,Sigma70_r2,PF04542.15,4.2e-21,73.4,0.1,6.7e-21,72.8,0.1,1.3,1,0,0,1,1,1,1,RNA polymerase sigma factor SigE [Streptomyces coelicolor A3(2)],bacteria
NP_627654.1,-,Sigma70_r2,PF04542.15,1.4e-20,71.7,2,1.4e-20,71.7,2,2.2,2,1,1,3,3,2,1,ECF subfamily RNA polymerase sigma factor [Streptomyces coelicolor A3(2)],bacteria
NP_625194.1,-,Sigma70_r2,PF04542.15,5.4e-20,69.8,0.1,1.1e-19,68.8,0.1,1.6,1,0,0,1,1,1,1,RNA polymerase principal sigma factor HrdC [Streptomyces coelicolor A3(2)],bacteria
NP_628217.1,-,Sigma70_r2,PF04542.15,3.2e-19,67.4,0,8.8e-19,66,0,1.8,1,0,0,1,1,1,1,RNA polymerase sigma factor [Streptomyces coelicolor A3(2)],bacteria
NP_631395.1,-,Sigma70_r2,PF04542.15,4.6e-19,66.9,0.1,1e-18,65.8,0.1,1.6,1,0,0,1,1,1,1,RNA polymerase secondary sigma factor [Streptomyces coelicolor A3(2)],bacteria
NP_629363.1,-,Sigma70_r2,PF04542.15,1.1e-18,65.7,0.4,2.5e-18,64.5,0.4,1.6,1,0,0,1,1,1,1,RNA polymerase sigma factor RpoE [Streptomyces coelicolor A3(2)],bacteria
NP_630601.1,-,Sigma70_r2,PF04542.15,1.3e-18,65.4,0,2.6e-18,64.5,0,1.5,1,0,0,1,1,1,1,RNA polymerase sigma factor [Streptomyces coelicolor A3(2)],bacteria
NP_629020.1,-,Sigma70_r2,PF04542.15,1.3e-18,65.4,2.2,2.5e-18,64.5,2.2,1.5,1,0,0,1,1,1,1,ECF sigma factor [Streptomyces coelicolor A3(2)],bacteria
NP_624529.1,-,Sigma70_r2,PF04542.15,2.2e-18,64.7,1.7,2.2e-18,64.7,0.4,1.7,2,0,0,2,2,1,1,sigma factor [Streptomyces coelicolor A3(2)],bacteria
NP_631369.1,-,Sigma70_r2,PF04542.15,2.2e-18,64.7,0.1,4.4e-18,63.7,0.1,1.5,1,0,0,1,1,1,1,RNA polymerase sigma factor [Streptomyces coelicolor A3(2)],bacteria
NP_625996.1,-,Sigma70_r2,PF04542.15,3.3e-18,64.1,0.3,6.5e-18,63.2,0.3,1.5,1,0,0,1,1,1,1,RNA polymerase sigma factor SigK [Streptomyces coelicolor A3(2)],bacteria
NP_627533.1,-,Sigma70_r2,PF04542.15,6e-18,63.3,1.5,1.1e-17,62.5,0.8,1.8,2,0,0,2,2,1,1,RNA polymerase sigma factor [Streptomyces coelicolor A3(2)],bacteria
NP_631173.1,-,Sigma70_r2,PF04542.15,7.5e-18,63,0.3,1.5e-17,62,0.3,1.5,1,0,0,1,1,1,1,ECF family RNA polymerase sigma factor [Streptomyces coelicolor A3(2)],bacteria
NP_628216.1,-,Sigma70_r2,PF04542.15,1.1e-17,62.4,0,2.2e-17,61.5,0,1.5,1,0,0,1,1,1,1,RNA polymerase sigma factor [Streptomyces coelicolor A3(2)],bacteria
NP_628078.1,-,Sigma70_r2,PF04542.15,1.3e-17,62.3,5,2e-17,61.6,5,1.3,1,0,0,1,1,1,1,RNA polymerase sigma factor SigM [Streptomyces coelicolor A3(2)],bacteria
NP_625550.1,-,Sigma70_r2,PF04542.15,1.5e-17,62,0.2,8.3e-17,59.6,0.9,1.9,2,0,0,2,2,1,1,ECF-sigma factor [Streptomyces coelicolor A3(2)],bacteria
NP_624495.1,-,Sigma70_r2,PF04542.15,1.1e-16,59.2,1,2.9e-16,57.9,1,1.7,1,0,0,1,1,1,1,ECF sigma factor [Streptomyces coelicolor A3(2)],bacteria
NP_625164.1,-,Sigma70_r2,PF04542.15,2.3e-16,58.2,3.2,5.9e-16,56.9,3.2,1.7,1,0,0,1,1,1,1,ECF family RNA polymerase sigma factor [Streptomyces coelicolor A3(2)],bacteria
NP_629755.1,-,Sigma70_r2,PF04542.15,2.3e-16,58.2,0,4.4e-16,57.3,0,1.5,1,0,0,1,1,1,1,RNA polymerase sigma factor WhiG [Streptomyces coelicolor A3(2)],bacteria
NP_627178.1,-,Sigma70_r2,PF04542.15,3.1e-16,57.8,0.8,5.9e-16,56.9,0.8,1.5,1,0,0,1,1,1,1,RNA polymerase sigma factor SigL [Streptomyces coelicolor A3(2)],bacteria
NP_627288.1,-,Sigma70_r2,PF04542.15,4.2e-16,57.4,0,7.3e-16,56.6,0,1.4,1,0,0,1,1,1,1,RNA polymerase sigma factor [Streptomyces coelicolor A3(2)],bacteria
NP_631334.1,-,Sigma70_r2,PF04542.15,4.5e-16,57.3,0,1.5e-15,55.6,0,1.9,2,0,0,2,2,1,1,RNA polymerase sigma factor [Streptomyces coelicolor A3(2)],bacteria
NP_624912.1,-,Sigma70_r2,PF04542.15,8.6e-16,56.4,0,1.6e-14,52.3,0,2.3,2,0,0,2,2,2,1,RNA polymerase sigma factor sig8 [Streptomyces coelicolor A3(2)],bacteria
NP_629091.1,-,Sigma70_r2,PF04542.15,9.1e-16,56.3,0.3,2.3e-15,55,0.3,1.7,1,0,0,1,1,1,1,ECF-sigma factor [Streptomyces coelicolor A3(2)],bacteria
NP_625240.1,-,Sigma70_r2,PF04542.15,9.6e-16,56.2,2.9,9.6e-16,56.2,2.9,1.7,2,0,0,2,2,1,1,RNA polymerase sigma factor SigL [Streptomyces coelicolor A3(2)],bacteria
NP_628323.1,-,Sigma70_r2,PF04542.15,1.1e-15,56,2.3,2.7e-15,54.8,2.3,1.7,1,0,0,1,1,1,1,ECF family RNA polymerase sigma factor [Streptomyces coelicolor A3(2)],bacteria
NP_625166.1,-,Sigma70_r2,PF04542.15,1.2e-15,56,2,2.7e-15,54.8,2,1.6,1,0,0,1,1,1,1,ECF family RNA polymerase sigma factor [Streptomyces coelicolor A3(2)],bacteria
NP_639689.1,-,Sigma70_r2,PF04542.15,3.6e-15,54.4,0.3,8.7e-15,53.2,0.3,1.6,1,0,0,1,1,1,1,ecf family sigma factor (plasmid) [Streptomyces coelicolor A3(2)],bacteria
NP_625104.1,-,Sigma70_r2,PF04542.15,8.7e-15,53.2,0.4,8.7e-15,53.2,0.4,2.2,2,0,0,2,2,2,1,RNA polymerase sigma factor [Streptomyces coelicolor A3(2)],bacteria
NP_624943.1,-,Sigma70_r2,PF04542.15,9.1e-15,53.1,0.5,2.3e-14,51.8,0.5,1.7,1,0,0,1,1,1,1,RNA polymerase sigma factor SigK [Streptomyces coelicolor A3(2)],bacteria
NP_624735.1,-,Sigma70_r2,PF04542.15,1.1e-14,52.8,0.3,2.7e-14,51.6,0.3,1.6,1,0,0,1,1,1,1,RNA polymerase sigma factor [Streptomyces coelicolor A3(2)],bacteria
NP_626973.1,-,Sigma70_r2,PF04542.15,4.9e-14,50.8,1.5,9.6e-14,49.8,1.5,1.5,1,0,0,1,1,1,1,sigma factor [Streptomyces coelicolor A3(2)],bacteria
NP_625563.1,-,Sigma70_r2,PF04542.15,9.5e-14,49.9,1.1,2.5e-13,48.5,1.1,1.7,2,0,0,2,2,1,1,RNA polymerase ECF sigma factor [Streptomyces coelicolor A3(2)],bacteria
NP_631203.1,-,Sigma70_r2,PF04542.15,1.1e-13,49.7,1,3e-13,48.2,1,1.7,1,0,0,1,1,1,1,ECF sigma factor [Streptomyces coelicolor A3(2)],bacteria
NP_631166.1,-,Sigma70_r2,PF04542.15,1.6e-13,49.1,0.3,3.7e-13,47.9,0.3,1.7,1,0,0,1,1,1,1,RNA polymerase sigma factor [Streptomyces coelicolor A3(2)],bacteria
NP_627901.1,-,Sigma70_r2,PF04542.15,1.8e-13,49,1.3,3.2e-13,48.1,1.3,1.4,1,0,0,1,1,1,1,ECF sigma factor [Streptomyces coelicolor A3(2)],bacteria
NP_627820.1,-,Sigma70_r2,PF04542.15,3.5e-13,48,0.2,1e-12,46.6,0.2,1.8,1,0,0,1,1,1,1,RNA polymerase sigma factor [Streptomyces coelicolor A3(2)],bacteria
NP_629061.1,-,Sigma70_r2,PF04542.15,2.4e-12,45.3,3.7,2.8e-12,45.1,1.8,2,2,0,0,2,2,2,1,RNA polymerase sigma factor [Streptomyces coelicolor A3(2)],bacteria
NP_629018.1,-,Sigma70_r2,PF04542.15,3e-12,45,0.6,3e-12,45,0.6,2.3,3,0,0,3,3,2,1,ECF sigma factor [Streptomyces coelicolor A3(2)],bacteria
NP_628577.1,-,Sigma70_r2,PF04542.15,4.3e-12,44.5,0.9,7.8e-12,43.7,0.9,1.4,1,0,0,1,1,1,1,RNA polymerase sigma factor [Streptomyces coelicolor A3(2)],bacteria
NP_630339.1,-,Sigma70_r2,PF04542.15,1.4e-11,42.9,0.7,1.4e-11,42.9,0.7,2.2,3,0,0,3,3,1,1,sigma factor [Streptomyces coelicolor A3(2)],bacteria
NP_628915.1,-,Sigma70_r2,PF04542.15,1.4e-11,42.9,0.3,3.4e-11,41.7,0.3,1.7,1,0,0,1,1,1,1,hypothetical protein SCO4757 [Streptomyces coelicolor A3(2)],bacteria
NP_627808.1,-,Sigma70_r2,PF04542.15,1.7e-11,42.6,2.4,1.8e-11,42.6,1.1,1.7,2,0,0,2,2,1,1,RNA polymerase sigma factor [Streptomyces coelicolor A3(2)],bacteria
NP_627927.1,-,Sigma70_r2,PF04542.15,1.7e-11,42.6,1.1,3.2e-11,41.7,1.1,1.5,1,0,0,1,1,1,1,RNA polymerase ECF sigma factor [Streptomyces coelicolor A3(2)],bacteria
NP_628927.1,-,Sigma70_r2,PF04542.15,1.9e-10,39.3,2,3.1e-10,38.6,0.2,2.1,2,0,0,2,2,2,1,RNA polymerase sigma factor SigD [Streptomyces coelicolor A3(2)],bacteria
NP_628619.1,-,Sigma70_r2,PF04542.15,3.4e-10,38.5,0.8,1.1e-9,36.8,0.8,1.9,1,0,0,1,1,1,1,RNA polymerase sigma factor [Streptomyces coelicolor A3(2)],bacteria
NP_630051.1,-,Sigma70_r2,PF04542.15,4.5e-10,38.1,2.1,4.5e-10,38.1,2.1,1.9,2,0,0,2,2,1,1,sigma factor [Streptomyces coelicolor A3(2)],bacteria
NP_631250.1,-,Sigma70_r2,PF04542.15,6.9e-10,37.5,1.5,6.9e-10,37.5,1.5,1.6,2,0,0,2,2,1,1,sigma factor [Streptomyces coelicolor A3(2)],bacteria
NP_626143.1,-,Sigma70_r2,PF04542.15,7.2e-10,37.4,4.6,1.2e-9,36.7,4.6,1.3,1,0,0,1,1,1,1,RNA polymerase sigma factor [Streptomyces coelicolor A3(2)],bacteria
NP_629148.1,-,Sigma70_r2,PF04542.15,3.7e-9,35.1,0.4,6.1e-9,34.4,0.4,1.4,1,0,0,1,1,1,1,RNA polymerase ECF sigma factor [Streptomyces coelicolor A3(2)],bacteria
NP_628187.1,-,Sigma70_r2,PF04542.15,5.2e-9,34.7,1,1.1e-8,33.6,1,1.6,1,0,0,1,1,1,1,RNA polymerase sigma factor [Streptomyces coelicolor A3(2)],bacteria
NP_627564.1,-,Sigma70_r2,PF04542.15,1.1e-8,33.6,3.8,2.1e-8,32.7,3.8,1.5,1,0,0,1,1,1,1,ECF sigma factor [Streptomyces coelicolor A3(2)],bacteria
NP_639724.1,-,Sigma70_r2,PF04542.15,1.6e-5,23.5,2.3,2.8e-5,22.7,2.3,1.4,1,0,0,1,1,1,1,sigma factor (plasmid) [Streptomyces coelicolor A3(2)],bacteria
NP_626875.1,-,Sigma70_r2,PF04542.15,4.1e-5,22.2,2.8,8.5e-5,21.2,1.2,2.2,1,1,1,2,2,2,1,RNA polymerase sigma factor [Streptomyces coelicolor A3(2)],bacteria
WP_004398891.1,-,Sigma70_r4_2,PF08281.13,4.2e-17,59.6,0,9.8e-17,58.4,0,1.6,2,0,0,2,2,1,1,MULTISPECIES: RNA polymerase sigma factor SigV [Bacillus],bacteria
WP_004398507.1,-,Sigma70_r4_2,PF08281.13,9.4e-17,58.5,0.1,1.8e-16,57.6,0.1,1.5,1,0,0,1,1,1,1,MULTISPECIES: RNA polymerase sigma factor SigZ [Bacillus],bacteria
WP_003234958.1,-,Sigma70_r4_2,PF08281.13,5e-16,56.1,0,1e-15,55.2,0,1.5,1,0,0,1,1,1,1,MULTISPECIES: RNA polymerase sigma factor SigW [Bacillus],bacteria
WP_003245485.1,-,Sigma70_r4_2,PF08281.13,8.8e-15,52.2,0.6,2.1e-14,50.9,0.6,1.7,1,0,0,1,1,1,1,MULTISPECIES: RNA polymerase sigma factor YlaC [Bacillus],bacteria
WP_003243678.1,-,Sigma70_r4_2,PF08281.13,1e-13,48.7,0,1.9e-13,47.9,0,1.5,1,0,0,1,1,1,1,MULTISPECIES: RNA polymerase sigma factor SigY [Bacilli],bacteria
WP_003224177.1,-,Sigma70_r4_2,PF08281.13,7.6e-13,46,0.1,1.2e-12,45.3,0.1,1.3,1,0,0,1,1,1,1,MULTISPECIES: RNA polymerase sigma factor SigM [Bacillus],bacteria
WP_003230521.1,-,Sigma70_r4_2,PF08281.13,2.9e-11,40.9,0.2,5.3e-11,40,0.2,1.4,1,0,0,1,1,1,1,MULTISPECIES: RNA polymerase sigma factor SigX [Bacteria],bacteria
WP_003225758.1,-,Sigma70_r4_2,PF08281.13,1.7e-10,38.4,0.2,2.9e-10,37.7,0.2,1.4,1,0,0,1,1,1,1,MULTISPECIES: RNA polymerase sporulation sigma factor SigH [Bacillus],bacteria
WP_003220911.1,-,Sigma70_r4_2,PF08281.13,1.5e-8,32.2,1.8,3.5e-4,18.2,0.4,2.4,2,0,0,2,2,2,2,MULTISPECIES: RNA polymerase sigma-28 factor SigD [Bacillus],bacteria
WP_003246715.1,-,Sigma70_r4_2,PF08281.13,2.2e-8,31.7,1.6,6.7e-7,26.9,0.2,2.5,2,0,0,2,2,2,1,MULTISPECIES: RNA polymerase sigma factor SigB [Bacillus],bacteria
WP_003230458.1,-,Sigma70_r4_2,PF08281.13,4e-8,30.8,1.4,4e-8,30.8,1.4,2.6,3,0,0,3,3,3,1,MULTISPECIES: RNA polymerase sporulation sigma factor SigF [Bacillus],bacteria
WP_009967190.1,-,Sigma70_r4_2,PF08281.13,7.2e-6,23.6,0.6,2.3e-5,22,0.4,1.9,2,0,0,2,2,2,1,MULTISPECIES: RNA polymerase sporulation sigma factor SigG [Bacillus],bacteria
NP_628187.1,-,Sigma70_r4_2,PF08281.13,1.5e-18,65.1,0.1,3e-18,64.1,0.1,1.6,1,0,0,1,1,1,1,RNA polymerase sigma factor [Streptomyces coelicolor A3(2)],bacteria
NP_629295.1,-,Sigma70_r4_2,PF08281.13,2.9e-17,61,0,5.7e-17,60,0,1.5,1,0,0,1,1,1,1,RNA polymerase sigma factor SigE [Streptomyces coelicolor A3(2)],bacteria
NP_627564.1,-,Sigma70_r4_2,PF08281.13,3.8e-17,60.6,0.3,7.2e-17,59.7,0.3,1.5,1,0,0,1,1,1,1,ECF sigma factor [Streptomyces coelicolor A3(2)],bacteria
NP_627654.1,-,Sigma70_r4_2,PF08281.13,2e-16,58.3,0,3.3e-16,57.6,0,1.4,1,0,0,1,1,1,1,ECF subfamily RNA polymerase sigma factor [Streptomyces coelicolor A3(2)],bacteria
NP_625166.1,-,Sigma70_r4_2,PF08281.13,2.1e-16,58.2,0.4,5.4e-16,56.9,0.1,1.8,2,0,0,2,2,1,1,ECF family RNA polymerase sigma factor [Streptomyces coelicolor A3(2)],bacteria
NP_630051.1,-,Sigma70_r4_2,PF08281.13,2.1e-16,58.2,0.6,2.1e-16,58.2,0.6,2.2,3,0,0,3,3,1,1,sigma factor [Streptomyces coelicolor A3(2)],bacteria
NP_629048.1,-,Sigma70_r4_2,PF08281.13,4.5e-16,57.2,0.6,1.1e-15,56,0.6,1.7,1,0,0,1,1,1,1,RNA polymerase factor sigma-70 [Streptomyces coelicolor A3(2)],bacteria
NP_625164.1,-,Sigma70_r4_2,PF08281.13,1.3e-15,55.7,0,3.3e-15,54.4,0,1.7,1,0,0,1,1,1,1,ECF family RNA polymerase sigma factor [Streptomyces coelicolor A3(2)],bacteria
NP_629148.1,-,Sigma70_r4_2,PF08281.13,1.5e-15,55.4,0.1,2.4e-15,54.8,0.1,1.3,1,0,0,1,1,1,1,RNA polymerase ECF sigma factor [Streptomyces coelicolor A3(2)],bacteria
NP_628078.1,-,Sigma70_r4_2,PF08281.13,1.6e-15,55.4,0.1,4.2e-15,54.1,0.1,1.7,1,0,0,1,1,1,1,RNA polymerase sigma factor SigM [Streptomyces coelicolor A3(2)],bacteria
NP_624529.1,-,Sigma70_r4_2,PF08281.13,2.7e-15,54.7,0.1,4.3e-15,54,0.1,1.4,1,0,0,1,1,1,1,sigma factor [Streptomyces coelicolor A3(2)],bacteria
NP_629061.1,-,Sigma70_r4_2,PF08281.13,4.8e-15,53.9,0,8.4e-15,53.1,0,1.4,1,0,0,1,1,1,1,RNA polymerase sigma factor [Streptomyces coelicolor A3(2)],bacteria
NP_631166.1,-,Sigma70_r4_2,PF08281.13,9.7e-15,52.9,0.2,1.6e-14,52.2,0.2,1.4,1,0,0,1,1,1,1,RNA polymerase sigma factor [Streptomyces coelicolor A3(2)],bacteria
NP_629363.1,-,Sigma70_r4_2,PF08281.13,1.8e-14,52,0,4.6e-14,50.7,0,1.7,1,1,0,1,1,1,1,RNA polymerase sigma factor RpoE [Streptomyces coelicolor A3(2)],bacteria
NP_627533.1,-,Sigma70_r4_2,PF08281.13,2.3e-14,51.7,0.1,4.3e-14,50.8,0.1,1.5,1,0,0,1,1,1,1,RNA polymerase sigma factor [Streptomyces coelicolor A3(2)],bacteria
NP_626875.1,-,Sigma70_r4_2,PF08281.13,2.5e-14,51.6,0,4.6e-14,50.7,0,1.5,1,0,0,1,1,1,1,RNA polymerase sigma factor [Streptomyces coelicolor A3(2)],bacteria
NP_624495.1,-,Sigma70_r4_2,PF08281.13,3e-14,51.3,1.4,4.9e-14,50.6,1.4,1.4,1,0,0,1,1,1,1,ECF sigma factor [Streptomyces coelicolor A3(2)],bacteria
NP_625550.1,-,Sigma70_r4_2,PF08281.13,6.1e-14,50.3,0.3,1.3e-13,49.3,0.3,1.6,1,0,0,1,1,1,1,ECF-sigma factor [Streptomyces coelicolor A3(2)],bacteria
NP_625996.1,-,Sigma70_r4_2,PF08281.13,9.2e-14,49.8,0,1.6e-13,49,0,1.4,1,0,0,1,1,1,1,RNA polymerase sigma factor SigK [Streptomyces coelicolor A3(2)],bacteria
NP_628323.1,-,Sigma70_r4_2,PF08281.13,2e-13,48.7,0.6,8.3e-13,46.7,0,2.1,2,0,0,2,2,2,1,ECF family RNA polymerase sigma factor [Streptomyces coelicolor A3(2)],bacteria
NP_625240.1,-,Sigma70_r4_2,PF08281.13,2.5e-13,48.4,0,5.3e-13,47.3,0,1.6,1,0,0,1,1,1,1,RNA polymerase sigma factor SigL [Streptomyces coelicolor A3(2)],bacteria
NP_627901.1,-,Sigma70_r4_2,PF08281.13,3.7e-13,47.8,0.1,3.7e-13,47.8,0.1,1.7,2,0,0,2,2,1,1,ECF sigma factor [Streptomyces coelicolor A3(2)],bacteria
NP_627808.1,-,Sigma70_r4_2,PF08281.13,6e-13,47.2,0.1,2.3e-12,45.3,0.2,2,2,0,0,2,2,1,1,RNA polymerase sigma factor [Streptomyces coelicolor A3(2)],bacteria
NP_626143.1,-,Sigma70_r4_2,PF08281.13,8.1e-13,46.7,0.2,3.7e-12,44.6,0,2.1,2,0,0,2,2,2,1,RNA polymerase sigma factor [Streptomyces coelicolor A3(2)],bacteria
NP_626973.1,-,Sigma70_r4_2,PF08281.13,1.2e-12,46.1,0.1,2.6e-12,45.1,0.1,1.6,1,0,0,1,1,1,1,sigma factor [Streptomyces coelicolor A3(2)],bacteria
NP_631173.1,-,Sigma70_r4_2,PF08281.13,1.7e-12,45.7,0.2,2.9e-12,45,0.2,1.4,1,0,0,1,1,1,1,ECF family RNA polymerase sigma factor [Streptomyces coelicolor A3(2)],bacteria
NP_630601.1,-,Sigma70_r4_2,PF08281.13,3.2e-12,44.8,0.7,4.6e-11,41.1,0.1,2.3,2,0,0,2,2,2,1,RNA polymerase sigma factor [Streptomyces coelicolor A3(2)],bacteria
NP_624943.1,-,Sigma70_r4_2,PF08281.13,3.8e-12,44.6,0.7,6.7e-12,43.8,0.7,1.4,1,0,0,1,1,1,1,RNA polymerase sigma factor SigK [Streptomyces coelicolor A3(2)],bacteria
NP_628927.1,-,Sigma70_r4_2,PF08281.13,5.3e-12,44.1,0.1,1.6e-11,42.6,0.1,1.9,1,0,0,1,1,1,1,RNA polymerase sigma factor SigD [Streptomyces coelicolor A3(2)],bacteria
NP_627927.1,-,Sigma70_r4_2,PF08281.13,6.8e-12,43.8,0.2,1.6e-11,42.6,0.2,1.6,1,0,0,1,1,1,1,RNA polymerase ECF sigma factor [Streptomyces coelicolor A3(2)],bacteria
NP_631250.1,-,Sigma70_r4_2,PF08281.13,7.1e-12,43.7,0.6,1.2e-11,43,0.6,1.4,1,0,0,1,1,1,1,sigma factor [Streptomyces coelicolor A3(2)],bacteria
NP_629020.1,-,Sigma70_r4_2,PF08281.13,9e-12,43.4,0.1,2.2e-11,42.2,0.1,1.7,1,0,0,1,1,1,1,ECF sigma factor [Streptomyces coelicolor A3(2)],bacteria
NP_627288.1,-,Sigma70_r4_2,PF08281.13,1.8e-11,42.5,0.5,9.9e-11,40.1,0.2,2.3,2,0,0,2,2,2,1,RNA polymerase sigma factor [Streptomyces coelicolor A3(2)],bacteria
NP_629755.1,-,Sigma70_r4_2,PF08281.13,2.6e-11,41.9,1,8.5e-11,40.3,0.1,2.2,2,0,0,2,2,1,1,RNA polymerase sigma factor WhiG [Streptomyces coelicolor A3(2)],bacteria
NP_639724.1,-,Sigma70_r4_2,PF08281.13,3.8e-11,41.4,0,6.3e-11,40.7,0,1.4,1,0,0,1,1,1,1,sigma factor (plasmid) [Streptomyces coelicolor A3(2)],bacteria
NP_628217.1,-,Sigma70_r4_2,PF08281.13,5.5e-11,40.9,5,3.5e-10,38.3,1.4,2.3,2,0,0,2,2,2,1,RNA polymerase sigma factor [Streptomyces coelicolor A3(2)],bacteria
NP_631395.1,-,Sigma70_r4_2,PF08281.13,1.1e-10,39.9,0.7,2.6e-10,38.7,0.1,2,2,0,0,2,2,1,1,RNA polymerase secondary sigma factor [Streptomyces coelicolor A3(2)],bacteria
NP_629389.1,-,Sigma70_r4_2,PF08281.13,6.3e-10,37.5,1.2,1.3e-9,36.5,0.1,2,2,0,0,2,2,1,1,RNA polymerase sigma factor [Streptomyces coelicolor A3(2)],bacteria
NP_629018.1,-,Sigma70_r4_2,PF08281.13,7.8e-10,37.2,0,1.9e-9,35.9,0,1.7,1,0,0,1,1,1,1,ECF sigma factor [Streptomyces coelicolor A3(2)],bacteria
NP_628216.1,-,Sigma70_r4_2,PF08281.13,8.5e-10,37.1,0.7,4.7e-9,34.7,0.2,2.3,2,0,0,2,2,2,1,RNA polymerase sigma factor [Streptomyces coelicolor A3(2)],bacteria
NP_624912.1,-,Sigma70_r4_2,PF08281.13,1.7e-9,36.1,0.1,4.8e-9,34.7,0.1,1.9,1,0,0,1,1,1,1,RNA polymerase sigma factor sig8 [Streptomyces coelicolor A3(2)],bacteria
NP_631369.1,-,Sigma70_r4_2,PF08281.13,2.5e-9,35.6,0.3,5e-9,34.6,0.3,1.6,1,0,0,1,1,1,1,RNA polymerase sigma factor [Streptomyces coelicolor A3(2)],bacteria
NP_627178.1,-,Sigma70_r4_2,PF08281.13,4.7e-9,34.7,0,8.9e-9,33.8,0,1.5,1,0,0,1,1,1,1,RNA polymerase sigma factor SigL [Streptomyces coelicolor A3(2)],bacteria
NP_628915.1,-,Sigma70_r4_2,PF08281.13,6.9e-9,34.1,0.1,1.5e-8,33,0.1,1.7,1,0,0,1,1,1,1,hypothetical protein SCO4757 [Streptomyces coelicolor A3(2)],bacteria
NP_628619.1,-,Sigma70_r4_2,PF08281.13,1.1e-8,33.6,0.1,2.8e-8,32.2,0.1,1.8,1,0,0,1,1,1,1,RNA polymerase sigma factor [Streptomyces coelicolor A3(2)],bacteria
NP_631334.1,-,Sigma70_r4_2,PF08281.13,2.1e-8,32.6,0.4,2.1e-8,32.6,0.4,2,3,0,0,3,3,1,1,RNA polymerase sigma factor [Streptomyces coelicolor A3(2)],bacteria
NP_629091.1,-,Sigma70_r4_2,PF08281.13,3.3e-8,32,0,8.6e-8,30.6,0,1.7,1,0,0,1,1,1,1,ECF-sigma factor [Streptomyces coelicolor A3(2)],bacteria
NP_627820.1,-,Sigma70_r4_2,PF08281.13,5.1e-8,31.4,0,3.1e-7,28.9,0,2.2,2,0,0,2,2,2,1,RNA polymerase sigma factor [Streptomyces coelicolor A3(2)],bacteria
NP_624735.1,-,Sigma70_r4_2,PF08281.13,6.6e-8,31,0,1.6e-7,29.8,0,1.7,1,0,0,1,1,1,1,RNA polymerase sigma factor [Streptomyces coelicolor A3(2)],bacteria
NP_625104.1,-,Sigma70_r4_2,PF08281.13,2e-7,29.5,0.1,4.4e-7,28.4,0.1,1.6,1,0,0,1,1,1,1,RNA polymerase sigma factor [Streptomyces coelicolor A3(2)],bacteria
NP_628577.1,-,Sigma70_r4_2,PF08281.13,4.2e-7,28.5,0.4,1e-6,27.2,0.4,1.7,1,0,0,1,1,1,1,RNA polymerase sigma factor [Streptomyces coelicolor A3(2)],bacteria
NP_639689.1,-,Sigma70_r4_2,PF08281.13,7.5e-7,27.6,0,3e-6,25.7,0,2,2,0,0,2,2,1,1,ecf family sigma factor (plasmid) [Streptomyces coelicolor A3(2)],bacteria
NP_630339.1,-,Sigma70_r4_2,PF08281.13,9.8e-7,27.3,0,1.9e-6,26.3,0,1.5,1,0,0,1,1,1,1,sigma factor [Streptomyces coelicolor A3(2)],bacteria
NP_631203.1,-,Sigma70_r4_2,PF08281.13,2.6e-6,25.9,0.4,4.1e-6,25.3,0.4,1.3,1,0,0,1,1,1,1,ECF sigma factor [Streptomyces coelicolor A3(2)],bacteria
NP_625563.1,-,Sigma70_r4_2,PF08281.13,1e-5,24,0.1,2e-5,23.1,0.1,1.5,1,0,0,1,1,1,1,RNA polymerase ECF sigma factor [Streptomyces coelicolor A3(2)],bacteria
WP_003226225.1,-,Sigma70_r4,PF04545.17,4.7e-24,81.7,10.1,2.5e-20,69.7,1.6,4,4,0,0,4,4,3,2,MULTISPECIES: RNA polymerase sigma factor RpoD [Bacillus],bacteria
WP_003246715.1,-,Sigma70_r4,PF04545.17,1.4e-19,67.4,2.6,1.8e-17,60.6,0.5,2.5,2,0,0,2,2,2,2,MULTISPECIES: RNA polymerase sigma factor SigB [Bacillus],bacteria
WP_003220911.1,-,Sigma70_r4,PF04545.17,1.6e-19,67.1,0.7,1.1e-15,54.9,0.2,2.4,2,0,0,2,2,2,2,MULTISPECIES: RNA polymerase sigma-28 factor SigD [Bacillus],bacteria
WP_003221446.1,-,Sigma70_r4,PF04545.17,4.1e-18,62.7,2,8.8e-18,61.6,2,1.6,1,0,0,1,1,1,1,MULTISPECIES: RNA polymerase sporulation sigma factor SigE [Bacillus],bacteria
WP_003230458.1,-,Sigma70_r4,PF04545.17,6.1e-17,58.9,3.1,1e-15,55,1.7,2.7,3,0,0,3,3,3,1,MULTISPECIES: RNA polymerase sporulation sigma factor SigF [Bacillus],bacteria
WP_009967190.1,-,Sigma70_r4,PF04545.17,2.4e-14,50.6,2.2,1.3e-13,48.2,0.5,2.4,2,0,0,2,2,2,1,MULTISPECIES: RNA polymerase sporulation sigma factor SigG [Bacillus],bacteria
WP_003243678.1,-,Sigma70_r4,PF04545.17,9.7e-14,48.7,0.1,7.2e-13,45.9,0,2.2,2,0,0,2,2,2,1,MULTISPECIES: RNA polymerase sigma factor SigY [Bacilli],bacteria
WP_003234958.1,-,Sigma70_r4,PF04545.17,3.1e-13,47.1,0.1,6.7e-13,46,0.1,1.6,1,0,0,1,1,1,1,MULTISPECIES: RNA polymerase sigma factor SigW [Bacillus],bacteria
WP_003245485.1,-,Sigma70_r4,PF04545.17,1.2e-10,38.7,0.6,2.9e-10,37.5,0.6,1.6,1,0,0,1,1,1,1,MULTISPECIES: RNA polymerase sigma factor YlaC [Bacillus],bacteria
WP_004398891.1,-,Sigma70_r4,PF04545.17,1.9e-10,38.1,0.1,4.3e-10,37,0.1,1.6,1,0,0,1,1,1,1,MULTISPECIES: RNA polymerase sigma factor SigV [Bacillus],bacteria
WP_003230521.1,-,Sigma70_r4,PF04545.17,4.8e-10,36.8,0.2,4.8e-10,36.8,0.2,1.8,2,0,0,2,2,2,1,MULTISPECIES: RNA polymerase sigma factor SigX [Bacteria],bacteria
WP_003224177.1,-,Sigma70_r4,PF04545.17,2.3e-9,34.6,0,3.6e-9,34,0,1.3,1,0,0,1,1,1,1,MULTISPECIES: RNA polymerase sigma factor SigM [Bacillus],bacteria
WP_004398507.1,-,Sigma70_r4,PF04545.17,2.7e-9,34.4,0.4,4e-9,33.9,0.4,1.3,1,0,0,1,1,1,1,MULTISPECIES: RNA polymerase sigma factor SigZ [Bacillus],bacteria
NP_630601.1,-,Sigma70_r4,PF04545.17,5.6e-21,72.7,0.9,7.5e-18,62.7,0.1,2.6,2,0,0,2,2,2,2,RNA polymerase sigma factor [Streptomyces coelicolor A3(2)],bacteria
NP_628216.1,-,Sigma70_r4,PF04545.17,2.3e-20,70.8,2,2.3e-18,64.3,0.8,2.4,2,0,0,2,2,2,1,RNA polymerase sigma factor [Streptomyces coelicolor A3(2)],bacteria
NP_627288.1,-,Sigma70_r4,PF04545.17,2.8e-20,70.5,2.2,5.9e-18,63,1.3,2.6,2,0,0,2,2,2,1,RNA polymerase sigma factor [Streptomyces coelicolor A3(2)],bacteria
NP_626707.1,-,Sigma70_r4,PF04545.17,4.1e-20,69.9,7.4,2.7e-19,67.3,2.3,3.2,3,0,0,3,3,3,1,RNA polymerase principal sigma factor [Streptomyces coelicolor A3(2)],bacteria
NP_629943.1,-,Sigma70_r4,PF04545.17,7.7e-20,69.1,0.7,2.3e-18,64.4,0.1,2.7,2,0,0,2,2,2,1,RNA polymerase sigma factor [Streptomyces coelicolor A3(2)],bacteria
NP_629755.1,-,Sigma70_r4,PF04545.17,2.4e-19,67.5,0.3,7.8e-19,65.8,0,2.1,2,0,0,2,2,1,1,RNA polymerase sigma factor WhiG [Streptomyces coelicolor A3(2)],bacteria
NP_628217.1,-,Sigma70_r4,PF04545.17,1.1e-18,65.4,6.2,5.1e-16,56.8,2.8,2.3,2,0,0,2,2,2,2,RNA polymerase sigma factor [Streptomyces coelicolor A3(2)],bacteria
NP_629389.1,-,Sigma70_r4,PF04545.17,1.4e-18,65,3.1,1.6e-16,58.5,0.8,2.5,2,0,0,2,2,2,1,RNA polymerase sigma factor [Streptomyces coelicolor A3(2)],bacteria
NP_631395.1,-,Sigma70_r4,PF04545.17,1.9e-18,64.6,0.7,8.1e-17,59.4,0.1,2.6,2,0,0,2,2,2,1,RNA polymerase secondary sigma factor [Streptomyces coelicolor A3(2)],bacteria
NP_631334.1,-,Sigma70_r4,PF04545.17,6.8e-18,62.8,3.3,6.8e-18,62.8,3.3,2.6,3,0,0,3,3,2,1,RNA polymerase sigma factor [Streptomyces coelicolor A3(2)],bacteria
NP_624912.1,-,Sigma70_r4,PF04545.17,7.4e-18,62.7,1.9,7.4e-18,62.7,1.9,2.2,2,0,0,2,2,2,1,RNA polymerase sigma factor sig8 [Streptomyces coelicolor A3(2)],bacteria
NP_624529.1,-,Sigma70_r4,PF04545.17,1.8e-17,61.4,0.1,3.4e-17,60.6,0.1,1.5,1,0,0,1,1,1,1,sigma factor [Streptomyces coelicolor A3(2)],bacteria
NP_631369.1,-,Sigma70_r4,PF04545.17,2.2e-17,61.2,0.2,4.6e-17,60.2,0.2,1.6,1,0,0,1,1,1,1,RNA polymerase sigma factor [Streptomyces coelicolor A3(2)],bacteria
NP_627416.1,-,Sigma70_r4,PF04545.17,4.2e-17,60.3,2.6,2e-15,55,1.2,2.9,2,0,0,2,2,2,1,RNA polymerase principal sigma factor [Streptomyces coelicolor A3(2)],bacteria
NP_626875.1,-,Sigma70_r4,PF04545.17,8.9e-17,59.3,0,2.1e-16,58,0,1.7,1,0,0,1,1,1,1,RNA polymerase sigma factor [Streptomyces coelicolor A3(2)],bacteria
NP_625194.1,-,Sigma70_r4,PF04545.17,6.2e-16,56.5,2.6,1.3e-15,55.5,1.2,2.3,2,0,0,2,2,2,1,RNA polymerase principal sigma factor HrdC [Streptomyces coelicolor A3(2)],bacteria
NP_627564.1,-,Sigma70_r4,PF04545.17,8.2e-15,53,0.2,2.2e-14,51.6,0.2,1.8,1,0,0,1,1,1,1,ECF sigma factor [Streptomyces coelicolor A3(2)],bacteria
NP_628187.1,-,Sigma70_r4,PF04545.17,2.4e-14,51.5,0.5,4.8e-14,50.5,0.2,1.7,2,0,0,2,2,1,1,RNA polymerase sigma factor [Streptomyces coelicolor A3(2)],bacteria
NP_627654.1,-,Sigma70_r4,PF04545.17,2.5e-14,51.4,0,3.8e-14,50.8,0,1.3,1,0,0,1,1,1,1,ECF subfamily RNA polymerase sigma factor [Streptomyces coelicolor A3(2)],bacteria
NP_627178.1,-,Sigma70_r4,PF04545.17,4.1e-14,50.7,0,7.2e-14,50,0,1.4,1,0,0,1,1,1,1,RNA polymerase sigma factor SigL [Streptomyces coelicolor A3(2)],bacteria
NP_629148.1,-,Sigma70_r4,PF04545.17,4.3e-14,50.7,0.1,7.8e-14,49.8,0.1,1.4,1,0,0,1,1,1,1,RNA polymerase ECF sigma factor [Streptomyces coelicolor A3(2)],bacteria
NP_625996.1,-,Sigma70_r4,PF04545.17,5.8e-14,50.2,0.2,5.8e-14,50.2,0.2,1.8,2,0,0,2,2,1,1,RNA polymerase sigma factor SigK [Streptomyces coelicolor A3(2)],bacteria
NP_629295.1,-,Sigma70_r4,PF04545.17,1.4e-13,49,0.2,2.8e-13,48,0.1,1.6,2,0,0,2,2,1,1,RNA polymerase sigma factor SigE [Streptomyces coelicolor A3(2)],bacteria
NP_625240.1,-,Sigma70_r4,PF04545.17,1.4e-13,49,0.1,4.8e-13,47.3,0,1.9,2,0,0,2,2,2,1,RNA polymerase sigma factor SigL [Streptomyces coelicolor A3(2)],bacteria
NP_629061.1,-,Sigma70_r4,PF04545.17,1.6e-13,48.9,0.3,2.7e-13,48.1,0.3,1.4,1,0,0,1,1,1,1,RNA polymerase sigma factor [Streptomyces coelicolor A3(2)],bacteria
NP_628927.1,-,Sigma70_r4,PF04545.17,8e-13,46.6,0.5,2e-12,45.3,0.5,1.7,1,0,0,1,1,1,1,RNA polymerase sigma factor SigD [Streptomyces coelicolor A3(2)],bacteria
NP_639689.1,-,Sigma70_r4,PF04545.17,9.1e-13,46.4,0,2.3e-12,45.1,0,1.7,1,0,0,1,1,1,1,ecf family sigma factor (plasmid) [Streptomyces coelicolor A3(2)],bacteria
NP_624943.1,-,Sigma70_r4,PF04545.17,3.3e-12,44.6,0.5,3.3e-12,44.6,0.5,2.1,2,0,0,2,2,1,1,RNA polymerase sigma factor SigK [Streptomyces coelicolor A3(2)],bacteria
NP_627808.1,-,Sigma70_r4,PF04545.17,5.5e-12,43.9,0.2,5.5e-12,43.9,0.2,1.8,2,0,0,2,2,1,1,RNA polymerase sigma factor [Streptomyces coelicolor A3(2)],bacteria
NP_627533.1,-,Sigma70_r4,PF04545.17,1e-10,39.8,0.3,2.2e-10,38.8,0.3,1.6,1,0,0,1,1,1,1,RNA polymerase sigma factor [Streptomyces coelicolor A3(2)],bacteria
NP_628323.1,-,Sigma70_r4,PF04545.17,1.4e-9,36.2,5.5,2.6e-9,35.4,0.5,2.4,2,0,0,2,2,2,1,ECF family RNA polymerase sigma factor [Streptomyces coelicolor A3(2)],bacteria
NP_630051.1,-,Sigma70_r4,PF04545.17,2e-9,35.7,0.3,2e-9,35.7,0.3,1.6,2,0,0,2,2,1,1,sigma factor [Streptomyces coelicolor A3(2)],bacteria
NP_629363.1,-,Sigma70_r4,PF04545.17,5.4e-9,34.3,0,1.9e-8,32.6,0,1.9,2,0,0,2,2,1,1,RNA polymerase sigma factor RpoE [Streptomyces coelicolor A3(2)],bacteria
NP_628078.1,-,Sigma70_r4,PF04545.17,1.6e-8,32.8,0.1,3.9e-8,31.6,0,1.7,2,0,0,2,2,1,1,RNA polymerase sigma factor SigM [Streptomyces coelicolor A3(2)],bacteria
NP_626973.1,-,Sigma70_r4,PF04545.17,5e-8,31.2,0.6,3.3e-7,28.6,0,2.3,2,0,0,2,2,2,1,sigma factor [Streptomyces coelicolor A3(2)],bacteria
NP_625550.1,-,Sigma70_r4,PF04545.17,1.3e-7,29.9,1.1,1.9e-7,29.4,0.1,1.8,2,0,0,2,2,1,1,ECF-sigma factor [Streptomyces coelicolor A3(2)],bacteria
NP_627901.1,-,Sigma70_r4,PF04545.17,4.1e-7,28.3,0.1,8.9e-7,27.2,0.1,1.6,1,0,0,1,1,1,1,ECF sigma factor [Streptomyces coelicolor A3(2)],bacteria
NP_625166.1,-,Sigma70_r4,PF04545.17,6.3e-7,27.7,0,1.1e-6,26.9,0,1.4,1,0,0,1,1,1,1,ECF family RNA polymerase sigma factor [Streptomyces coelicolor A3(2)],bacteria
NP_626143.1,-,Sigma70_r4,PF04545.17,7.5e-7,27.5,0,1.7e-6,26.3,0,1.7,1,0,0,1,1,1,1,RNA polymerase sigma factor [Streptomyces coelicolor A3(2)],bacteria
NP_629048.1,-,Sigma70_r4,PF04545.17,1.3e-6,26.8,1,4e-6,25.1,0.4,2.1,2,0,0,2,2,2,1,RNA polymerase factor sigma-70 [Streptomyces coelicolor A3(2)],bacteria
NP_625164.1,-,Sigma70_r4,PF04545.17,9.7e-6,23.9,0,1.7e-5,23.2,0,1.4,1,0,0,1,1,1,1,ECF family RNA polymerase sigma factor [Streptomyces coelicolor A3(2)],bacteria
NP_627820.1,-,Sigma70_r4,PF04545.17,1.6e-5,23.2,0,3.2e-5,22.2,0,1.5,1,0,0,1,1,1,1,RNA polymerase sigma factor [Streptomyces coelicolor A3(2)],bacteria
NP_629020.1,-,Sigma70_r4,PF04545.17,1.8e-5,23,0.1,4.2e-5,21.9,0.1,1.6,1,0,0,1,1,1,1,ECF sigma factor [Streptomyces coelicolor A3(2)],bacteria
NP_631166.1,-,Sigma70_r4,PF04545.17,2e-5,22.9,0,4.5e-5,21.8,0,1.6,1,0,0,1,1,1,1,RNA polymerase sigma factor [Streptomyces coelicolor A3(2)],bacteria
NP_624495.1,-,Sigma70_r4,PF04545.17,7.2e-5,21.1,0.8,1.4e-4,20.2,0.8,1.5,1,0,0,1,1,1,1,ECF sigma factor [Streptomyces coelicolor A3(2)],bacteria
NP_631250.1,-,Sigma70_r4,PF04545.17,1.3e-4,20.3,0.5,2.1e-4,19.6,0.5,1.4,1,0,0,1,1,1,1,sigma factor [Streptomyces coelicolor A3(2)],bacteria
QFG05192.1,-,Sigma70_r2,PF04542.15,2.6e-7,22.9,0,5.7e-7,21.8,0,1.5,1,0,0,1,1,1,1,RNA polymerase sigma factor [Bacillus phage 019DV002],phage
QFG05277.1,-,Sigma70_r2,PF04542.15,2.6e-7,22.9,0,5.7e-7,21.8,0,1.5,1,0,0,1,1,1,1,RNA polymerase sigma factor [Bacillus phage 019DV004],phage
QFR56516.1,-,Sigma70_r2,PF04542.15,2.4e-7,23,0,5.7e-7,21.7,0,1.5,1,0,0,1,1,1,1,RNA polymerase sigma factor [Bacillus phage 056SW001B],phage
QFG05890.1,-,Sigma70_r2,PF04542.15,2.5e-7,22.9,0,5.5e-7,21.8,0,1.5,1,0,0,1,1,1,1,RNA polymerase sigma factor [Bacillus phage 276BB001],phage
QFG05971.1,-,Sigma70_r2,PF04542.15,2.5e-7,22.9,0,5.5e-7,21.8,0,1.5,1,0,0,1,1,1,1,RNA polymerase sigma factor [Bacillus phage 280BB001],phage
ASR78944.1,-,Sigma70_r2,PF04542.15,8.5e-10,32.6,0,3.1e-9,30.8,0,2,1,0,0,1,1,1,1,RNA polymerase sigma factor [Bacillus phage AaronPhadgers],phage
QDH50209.1,-,Sigma70_r2,PF04542.15,1.2e-8,28.9,0,4e-8,27.2,0,2,2,0,0,2,2,2,1,sigma factor [Bacillus phage ALPS],phage
ASU01064.1,-,Sigma70_r2,PF04542.15,1e-11,38.6,0,2.6e-11,37.3,0,1.7,1,0,0,1,1,1,1,RNA polymerase sigma factor [Bacillus phage Anthony],phage
AZF88386.1,-,Sigma70_r2,PF04542.15,2.2e-14,44.9,0,5.2e-14,43.8,0,1.7,1,0,0,1,1,1,1,putative RNA polymerase sigma subunit [Bacillus phage AP631],phage
ALA13372.1,-,Sigma70_r2,PF04542.15,2.1e-10,34.6,0,3.8e-10,33.7,0,1.4,1,0,0,1,1,1,1,SigF-like RNA polymerase sigma factor [Bacillus phage AvesoBmore],phage
AEZ65936.1,-,Sigma70_r2,PF04542.15,2.8e-12,40.4,0,5.6e-12,39.5,0,1.5,1,0,0,1,1,1,1,sporulation sigma factor SigF-like protein [Bacillus phage B4],phage
AEW47372.1,-,Sigma70_r2,PF04542.15,2.7e-12,40.4,0,5.5e-12,39.5,0,1.5,1,0,0,1,1,1,1,putative RNA polymerase sigma 28 subunit SigF [Bacillus phage B5S],phage
AEQ34342.1,-,Sigma70_r2,PF04542.15,1e-11,38.6,0,2.6e-11,37.3,0,1.7,1,0,0,1,1,1,1,RNA polymerase sigma-F factor [Bacillus phage Bastille],phage
QEG04257.1,-,Sigma70_r2,PF04542.15,1.3e-16,54.1,0,2.1e-16,53.4,0,1.3,1,0,0,1,1,1,1,RNA polymerase sigma factor [Bacillus phage BC-T25],phage
QEG04258.1,-,Sigma70_r2,PF04542.15,7.5e-14,45.2,0,2.8e-13,43.4,0,1.9,2,0,0,2,2,2,1,putative RNA polymerase sigma 28 subunit [Bacillus phage BC-T25],phage
AXU41213.1,-,Sigma70_r2,PF04542.15,8.3e-16,51.5,0,1.5e-15,50.7,0,1.5,1,0,0,1,1,1,1,RNA polymerase sigma factor [Bacillus phage BC01],phage
AXU41211.1,-,Sigma70_r2,PF04542.15,4.1e-14,46.1,0,8.7e-14,45.1,0,1.6,1,0,0,1,1,1,1,RNA polymerase sigma factor [Bacillus phage BC01],phage
CCE73875.1,-,Sigma70_r2,PF04542.15,1e-8,26.9,0,1.9e-8,26.1,0,1.4,1,0,0,1,1,1,1,sigma70,phage
AUM58961.1,-,Sigma70_r2,PF04542.15,1.2e-19,63.7,0.1,2.7e-19,62.6,0.1,1.6,1,0,0,1,1,1,1,DNA replication/modification protein [Bacillus phage BCP01],phage
AUM58962.1,-,Sigma70_r2,PF04542.15,1.8e-13,44,0,3.7e-13,43,0,1.5,1,0,0,1,1,1,1,DNA replication/modification protein [Bacillus phage BCP01],phage
AHN66674.1,-,Sigma70_r2,PF04542.15,6.2e-18,58.3,0.2,3e-17,56.1,0,2.1,2,0,0,2,2,2,1,RNA polymerase sigma-70 factor,phage
AHN66675.1,-,Sigma70_r2,PF04542.15,6e-12,39.1,0,1.4e-11,37.9,0,1.7,1,0,0,1,1,1,1,RNA polymerase sigma-70 factor,phage
AQN32487.1,-,Sigma70_r2,PF04542.15,5.1e-16,52.2,0,9e-16,51.4,0,1.4,1,0,0,1,1,1,1,RNA polymerase sporulation specific sigma factor SigG [Bacillus phage BCP12],phage
AQN32486.1,-,Sigma70_r2,PF04542.15,5.2e-12,39.3,0,1.4e-11,38,0,1.7,1,0,0,1,1,1,1,RNA polymerase sporulation specific sigma factor SigF [Bacillus phage BCP12],phage
AEW47116.1,-,Sigma70_r2,PF04542.15,5e-16,52.2,0,8.9e-16,51.4,0,1.4,1,0,0,1,1,1,1,putative RNA polymerase sigma 28 subunit SigG [Bacillus phage BCP78],phage
AEW47115.1,-,Sigma70_r2,PF04542.15,5.1e-12,39.3,0,1.3e-11,38,0,1.7,1,0,0,1,1,1,1,putative RNA polymerase sigma 28 subunit SigF [Bacillus phage BCP78],phage
AHJ87164.1,-,Sigma70_r2,PF04542.15,1.2e-19,63.7,0.1,2.6e-19,62.6,0.1,1.6,1,0,0,1,1,1,1,putative RNA polymerase sigma factor G [Bacillus phage BCP8-2],phage
AHJ87163.1,-,Sigma70_r2,PF04542.15,5.6e-13,42.4,0,1.3e-12,41.2,0,1.6,1,0,0,1,1,1,1,putative RNA polymerase sigma-70 factor,phage
AEW47605.1,-,Sigma70_r2,PF04542.15,4.9e-16,52.2,0,8.7e-16,51.4,0,1.4,1,0,0,1,1,1,1,putative RNA polymerase sigma 28 subunit SigG [Bacillus phage BCU4],phage
AEW47604.1,-,Sigma70_r2,PF04542.15,5e-12,39.3,0,1.3e-11,38,0,1.7,1,0,0,1,1,1,1,putative RNA polymerase sigma 28 subunit SigF [Bacillus phage BCU4],phage
ANM46154.1,-,Sigma70_r2,PF04542.15,8.9e-10,32.5,0,2.9e-9,30.9,0,1.9,1,0,0,1,1,1,1,RNA polymerase sigma factor [Bacillus phage Belinda],phage
QDH49898.1,-,Sigma70_r2,PF04542.15,5.8e-13,42.7,0,9.6e-13,42,0,1.4,1,0,0,1,1,1,1,sigma factor [Bacillus phage Beyonphe],phage
AGY46709.1,-,Sigma70_r2,PF04542.15,2e-10,34.6,0,3.7e-10,33.7,0,1.5,1,0,0,1,1,1,1,RNA polymerase sigma factor [Bacillus phage BigBertha],phage
AOZ61848.1,-,Sigma70_r2,PF04542.15,9.9e-10,32.4,0.1,2.9e-9,30.9,0,1.9,2,0,0,2,2,2,1,RNA polymerase sigma factor [Bacillus phage BJ4],phage
AII27989.1,-,Sigma70_r2,PF04542.15,1.5e-10,34.7,0,3.1e-10,33.7,0,1.5,1,0,0,1,1,1,1,RNA polymerase sigma factor [Bacillus phage Bobb],phage
AII27990.1,-,Sigma70_r2,PF04542.15,2.9e-10,33.8,0,4.7e-10,33.1,0,1.4,1,0,0,1,1,1,1,RNA polymerase sigma factor [Bacillus phage Bobb],phage
AHJ87469.1,-,Sigma70_r2,PF04542.15,1.3e-10,34.7,0,5.6e-10,32.7,0,2.1,2,0,0,2,2,2,1,putative RNA polymerase sigma factor SigF 2 [Bacillus phage Bp8p-C],phage
AHJ87470.1,-,Sigma70_r2,PF04542.15,3.5e-10,33.3,0,6e-10,32.6,0,1.4,1,0,0,1,1,1,1,putative RNA polymerase sigma factor SigF 1 [Bacillus phage Bp8p-C],phage
AHJ87680.1,-,Sigma70_r2,PF04542.15,1.3e-10,34.7,0,5.6e-10,32.7,0,2.1,2,0,0,2,2,2,1,putative RNA polymerase sigma factor SigF 2 [Bacillus phage Bp8p-T],phage
AHJ87681.1,-,Sigma70_r2,PF04542.15,3.5e-10,33.3,0,6e-10,32.6,0,1.4,1,0,0,1,1,1,1,putative RNA polymerase sigma factor SigF 1 [Bacillus phage Bp8p-T],phage
AGI12133.1,-,Sigma70_r2,PF04542.15,5.5e-10,33,0,1.3e-9,31.9,0,1.7,1,0,0,1,1,1,1,putative RNA polymerase sigma factor [Bacillus phage BPS10C],phage
AEZ50316.1,-,Sigma70_r2,PF04542.15,1.9e-10,34.5,0,4.5e-10,33.3,0,1.7,1,0,0,1,1,1,1,putative RNA polymerase sigma factor [Bacillus phage BPS13],phage
AUO79472.1,-,Sigma70_r2,PF04542.15,3.4e-17,56,0,6.7e-17,55,0,1.5,1,0,0,1,1,1,1,RNA polymerase sigma factor 2 [Bacillus phage BSP10],phage
AXH71210.1,-,Sigma70_r2,PF04542.15,1.1e-9,32,1,3.8e-9,30.3,0,2.4,4,0,0,4,4,4,1,putative RNA polymerase sigma factor 2 [Bacillus phage BSP38],phage
ATN94413.1,-,Sigma70_r2,PF04542.15,3.2e-17,56,0,6.5e-17,55,0,1.5,1,0,0,1,1,1,1,RNA polymerase sigma 70 factor [Bacillus phage BSP9],phage
AFL46426.1,-,Sigma70_r2,PF04542.15,9.3e-9,26.9,0,1.7e-8,26.1,0,1.4,1,0,0,1,1,1,1,RNA polymerase sigma factor [Bacillus phage BtCS33],phage
AUO78602.1,-,Sigma70_r2,PF04542.15,1e-8,26.9,0,1.9e-8,26.1,0,1.4,1,0,0,1,1,1,1,sigma-70 [Bacillus phage BtiUFT6.51-F],phage
ASR78776.1,-,Sigma70_r2,PF04542.15,4.8e-10,33.4,0.1,1.2e-9,32.1,0,1.7,2,0,0,2,2,2,1,RNA polymerase sigma factor [Bacillus phage Bubs],phage
AHZ09647.1,-,Sigma70_r2,PF04542.15,1.1e-11,38.6,0,2.7e-11,37.3,0,1.7,1,0,0,1,1,1,1,RNA polymerase sigma factor [Bacillus phage CAM003],phage
ABA46386.1,-,Sigma70_r2,PF04542.15,3.4e-13,41,0,7.6e-13,39.9,0,1.6,1,0,0,1,1,1,1,RNA polymerase sigma factor,phage
QEM43258.1,-,Sigma70_r2,PF04542.15,1.9e-13,44.2,0,4e-13,43.2,0,1.5,1,0,0,1,1,1,1,RNA polymerase sigma factor [Bacillus phage Chotacabras],phage
AMO25912.1,-,Sigma70_r2,PF04542.15,2.6e-19,62.7,0.1,4.3e-18,58.8,0,2.2,2,0,0,2,2,2,1,RNA polymerase sigma-70 factor sigma-B/F/G subfamily [Bacillus phage Deep Blue],phage
AMO25911.1,-,Sigma70_r2,PF04542.15,1.1e-13,44.7,0,1.8e-13,44,0,1.3,1,0,0,1,1,1,1,RNA polymerase sigma-70 factor sigma-B/F/G subfamily [Bacillus phage Deep Blue],phage
AMW62796.1,-,Sigma70_r2,PF04542.15,1e-9,32.3,0,3.3e-9,30.7,0,1.9,1,0,0,1,1,1,1,sigma factor [Bacillus phage DIGNKC],phage
ANT41264.1,-,Sigma70_r2,PF04542.15,3.8e-10,33.7,0.1,1.1e-9,32.3,0,1.8,2,0,0,2,2,2,1,sigma factor [Bacillus phage DirtyBetty],phage
AMB18752.1,-,Sigma70_r2,PF04542.15,1.1e-17,57.5,0,7.8e-17,54.8,0,2.2,2,0,0,2,2,2,1,sporulation sigma factor SigF [Bacillus phage Eldridge],phage
AMB18751.1,-,Sigma70_r2,PF04542.15,1.6e-14,47.4,0.1,6.4e-14,45.5,0,2,2,0,0,2,2,2,1,RNA polymerase sigma factor [Bacillus phage Eldridge],phage
AHZ09937.1,-,Sigma70_r2,PF04542.15,1.1e-11,38.6,0,2.8e-11,37.3,0,1.7,1,0,0,1,1,1,1,RNA polymerase sigma factor [Bacillus phage Evoli],phage
ALA46534.1,-,Sigma70_r2,PF04542.15,3.8e-10,33.7,0.1,1.1e-9,32.3,0,1.8,2,0,0,2,2,2,1,SigF-like RNA polymerase sigma factor [Bacillus phage Eyuki],phage
ABA42728.1,-,Sigma70_r2,PF04542.15,4.3e-14,43.9,0,9.5e-14,42.8,0,1.6,1,0,0,1,1,1,1,sigma70 factor [Bacillus phage Fah],phage
ARQ95128.1,-,Sigma70_r2,PF04542.15,2.3e-14,47.2,0,4.3e-14,46.3,0,1.4,1,0,0,1,1,1,1,SigF-like RNA polymerase sigma factor [Bacillus phage Flapjack],phage
ABC40488.1,-,Sigma70_r2,PF04542.15,4.6e-14,43.9,0,1e-13,42.8,0,1.6,1,0,0,1,1,1,1,putative RNA polymerase sigma subunit [Bacillus phage Gamma isolate d'Herelle],phage
AGY47431.1,-,Sigma70_r2,PF04542.15,2.8e-18,59.5,0,5.9e-18,58.5,0,1.5,1,0,0,1,1,1,1,RNA polymerase sigma-70 factor [Bacillus phage Grass],phage
AHZ10241.1,-,Sigma70_r2,PF04542.15,1.3e-8,28.7,0,4.4e-8,27.1,0,1.9,2,0,0,2,2,2,1,sigF-like RNA polymerase sigma factor [Bacillus phage Hakuna],phage
AXQ66957.1,-,Sigma70_r2,PF04542.15,7.4e-18,58.2,0.2,3.5e-17,56.1,0,2.1,2,0,0,2,2,2,1,RNA polymerase sigma factor [Bacillus phage Hobo],phage
AXQ66958.1,-,Sigma70_r2,PF04542.15,7.1e-12,39.1,0,1.7e-11,37.9,0,1.7,1,0,0,1,1,1,1,RNA polymerase subunit alpha [Bacillus phage Hobo],phage
AUV57859.1,-,Sigma70_r2,PF04542.15,9e-10,32.4,0,3.2e-9,30.7,0,2,1,0,0,1,1,1,1,SigF-like RNA polymerase sigma factor [Bacillus phage HonestAbe],phage
AHZ10517.1,-,Sigma70_r2,PF04542.15,8.3e-12,38.9,0,2.2e-11,37.5,0,1.8,1,0,0,1,1,1,1,RNA polymerase sigma factor [Bacillus phage Hoody T],phage
ASR79696.1,-,Sigma70_r2,PF04542.15,8.9e-12,38.9,0,2.3e-11,37.5,0,1.7,1,0,0,1,1,1,1,RNA polymerase sigma factor [Bacillus phage Janet],phage
AID17799.1,-,Sigma70_r2,PF04542.15,1.1e-19,63.7,0.1,2.4e-19,62.6,0.1,1.6,1,0,0,1,1,1,1,putative RNA polymerase sigma factor G [Bacillus phage JBP901],phage
AID17798.1,-,Sigma70_r2,PF04542.15,5.1e-13,42.4,0,1.2e-12,41.2,0,1.6,1,0,0,1,1,1,1,putative RNA polymerase sigma-70 factor [Bacillus phage JBP901],phage
AMW61625.1,-,Sigma70_r2,PF04542.15,5.7e-13,42.7,0,9.3e-13,42,0,1.4,1,0,0,1,1,1,1,sigma factor [Bacillus phage Juglone],phage
AXQ67115.1,-,Sigma70_r2,PF04542.15,1.1e-11,38.6,0,2.8e-11,37.3,0,1.7,1,0,0,1,1,1,1,RNA polymerase [Bacillus phage Kamfam],phage
ANU79852.1,-,Sigma70_r2,PF04542.15,1.2e-8,28.9,0,4.1e-8,27.2,0,2,2,0,0,2,2,2,1,sigma factor [Bacillus phage Kida],phage
AXQ67819.1,-,Sigma70_r2,PF04542.15,7.1e-18,58.3,0.2,3.5e-17,56.1,0,2.1,2,0,0,2,2,2,1,RNA polymerase sigma factor [Bacillus phage Kioshi],phage
AXQ67820.1,-,Sigma70_r2,PF04542.15,6.8e-12,39.1,0,1.7e-11,37.9,0,1.7,1,0,0,1,1,1,1,RNA polymerase subunit alpha [Bacillus phage Kioshi],phage
AIW03238.1,-,Sigma70_r2,PF04542.15,3.1e-17,56.1,0,7.1e-17,55,0,1.6,1,0,0,1,1,1,1,RNA polymerase sigma factor [Bacillus phage Mater],phage
AHZ10802.1,-,Sigma70_r2,PF04542.15,3.7e-10,33.7,0.1,1e-9,32.3,0,1.8,2,0,0,2,2,2,1,RNA polymerase sigma factor [Bacillus phage Megatron],phage
AIW03563.1,-,Sigma70_r2,PF04542.15,8.6e-17,54.7,0,2.6e-16,53.1,0,1.8,1,0,0,1,1,1,1,RNA polymerase sigma factor [Bacillus phage Moonbeam],phage
AIW03562.1,-,Sigma70_r2,PF04542.15,6.5e-14,45.5,0,1.1e-13,44.7,0,1.4,1,0,0,1,1,1,1,RNA polymerase sigma factor [Bacillus phage Moonbeam],phage
AMW63747.1,-,Sigma70_r2,PF04542.15,4.1e-10,33.6,0.1,1.1e-9,32.3,0,1.8,2,0,0,2,2,2,1,sigma factor [Bacillus phage Nemo],phage
AMW61377.1,-,Sigma70_r2,PF04542.15,6.7e-10,32.9,0.1,1.9e-9,31.5,0,1.8,2,0,0,2,2,2,1,sigma factor [Bacillus phage Nigalana],phage
AMW63445.1,-,Sigma70_r2,PF04542.15,1.2e-8,28.9,0,4e-8,27.2,0,2,2,0,0,2,2,2,1,sigma factor [Bacillus phage NotTheCreek],phage
AXQ67439.1,-,Sigma70_r2,PF04542.15,3.8e-10,33.7,0.1,1e-9,32.3,0,1.8,2,0,0,2,2,2,1,RNA polymerase sigma factor [Bacillus phage OmnioDeoPrimus],phage
ASR79669.1,-,Sigma70_r2,PF04542.15,1.1e-11,38.6,0,2.8e-11,37.3,0,1.7,1,0,0,1,1,1,1,RNA polymerase sigma factor [Bacillus phage OTooleKemple52],phage
ALA07698.1,-,Sigma70_r2,PF04542.15,7.6e-16,51.5,0,1.4e-15,50.7,0,1.5,1,0,0,1,1,1,1,putative RNA polymerase sigma 28 subunit SigG [Bacillus phage PBC6],phage
ALA07697.1,-,Sigma70_r2,PF04542.15,3.8e-14,46.1,0,7.9e-14,45.1,0,1.6,1,0,0,1,1,1,1,putative RNA polymerase sigma 28 subunit SigF [Bacillus phage PBC6],phage
ANT40183.1,-,Sigma70_r2,PF04542.15,8.6e-13,40.1,0,1.8e-12,39.1,0,1.6,1,0,0,1,1,1,1,putative RNA polymerase sigma subunit [Bacillus phage PfEFR-4],phage
ANT40413.1,-,Sigma70_r2,PF04542.15,8.8e-13,40.1,0,1.9e-12,39.1,0,1.6,1,0,0,1,1,1,1,putative RNA polymerase sigma subunit [Bacillus phage PfEFR-5],phage
ALN97362.1,-,Sigma70_r2,PF04542.15,1e-8,26.9,0,1.9e-8,26.1,0,1.4,1,0,0,1,1,1,1,sigma-70 [Bacillus phage phi4I1],phage
AGB62714.1,-,Sigma70_r2,PF04542.15,1.1e-11,38.1,0,2.2e-11,37.2,0,1.5,1,0,0,1,1,1,1,putative RNA polymerase sigma factor SigF 1 [Bacillus phage phiAGATE],phage
AGB62713.1,-,Sigma70_r2,PF04542.15,6.3e-11,35.7,0.2,1.7e-10,34.3,0,1.8,2,0,0,2,2,2,1,putative RNA polymerase sigma factor SigF 2 [Bacillus phage phiAGATE],phage
AGV99468.1,-,Sigma70_r2,PF04542.15,7.6e-7,20.8,0,1.3e-6,20.1,0,1.3,1,0,0,1,1,1,1,RNA polymerase sigma factor [Bacillus phage phiCM3],phage
BAN59653.1,-,Sigma70_r2,PF04542.15,1e-16,54.3,0,2.2e-16,53.2,0,1.5,1,0,0,1,1,1,1,putative sigma factor [Bacillus phage phiNIT1],phage
QDH49502.1,-,Sigma70_r2,PF04542.15,1.2e-8,28.9,0,4e-8,27.2,0,2,2,0,0,2,2,2,1,sigma factor [Bacillus phage Phireball],phage
AEV89274.1,-,Sigma70_r2,PF04542.15,1.5e-8,26.2,0,2.5e-8,25.4,0,1.4,1,0,0,1,1,1,1,RNA-polymerase sigma-factor [Bacillus phage phIS3501],phage
AMW62240.1,-,Sigma70_r2,PF04542.15,5.6e-13,42.7,0,9.2e-13,42,0,1.4,1,0,0,1,1,1,1,sigma factor [Bacillus phage Phrodo],phage
ANY29316.1,-,Sigma70_r2,PF04542.15,1.3e-19,63.7,0.1,2.8e-19,62.6,0.1,1.6,1,0,0,1,1,1,1,putative RNA polymerase sigma factor G [Bacillus phage PK16],phage
ANY29315.1,-,Sigma70_r2,PF04542.15,1.9e-13,44,0,3.9e-13,43,0,1.5,1,0,0,1,1,1,1,putative RNA polymerase sigma-70 factor [Bacillus phage PK16],phage
ASR78475.1,-,Sigma70_r2,PF04542.15,1.4e-8,28.7,0,4.6e-8,27,0,1.9,2,0,0,2,2,2,1,RNA polymerase sigma factor [Bacillus phage PPIsBest],phage
AOZ62117.1,-,Sigma70_r2,PF04542.15,5.3e-13,42.8,0,9e-11,35.7,0,2.4,2,0,0,2,2,2,2,RNA polymerase sigma 28 subunit [Bacillus phage QCM8],phage
AIF72077.1,-,Sigma70_r2,PF04542.15,5.7e-13,42.7,0,9.3e-13,42,0,1.4,1,0,0,1,1,1,1,sigF-like RNA polymerase [Bacillus phage Riley],phage
AXF41881.1,-,Sigma70_r2,PF04542.15,8.6e-10,32.1,0,2.6e-9,30.5,0,1.9,1,0,0,1,1,1,1,RNA polymerase sigma factor [Bacillus phage Saddex],phage
AMW63146.1,-,Sigma70_r2,PF04542.15,1.4e-8,28.7,0,4.6e-8,27,0,1.9,2,0,0,2,2,2,1,sigma factor [Bacillus phage SageFayge],phage
ANH50776.1,-,Sigma70_r2,PF04542.15,5.8e-10,33.1,0,1.4e-9,31.9,0,1.7,1,0,0,1,1,1,1,SigF-like RNA polymerase sigma factor [Bacillus phage SalinJah],phage
AOZ62476.1,-,Sigma70_r2,PF04542.15,9.4e-10,32.4,0,3e-9,30.8,0,1.9,1,0,0,1,1,1,1,RNA polymerase sigma factor [Bacillus phage SBP8a],phage
AGY48388.1,-,Sigma70_r2,PF04542.15,3.4e-15,48.5,0,8e-15,47.3,0,1.6,1,0,0,1,1,1,1,RNA polymerase sigma factor [Bacillus phage Slash],phage
AGY48356.1,-,Sigma70_r2,PF04542.15,2.8e-7,23.1,0,6e-7,22.1,0,1.5,1,0,0,1,1,1,1,RNA polymerase sigma factor SigB [Bacillus phage Slash],phage
ANI24840.1,-,Sigma70_r2,PF04542.15,3.7e-10,33.7,0.1,1e-9,32.3,0,1.8,2,0,0,2,2,2,1,RNA polymerase sigma factor [Bacillus phage Smudge],phage
BAK52932.1,-,Sigma70_r2,PF04542.15,5.5e-15,48.9,0,1.5e-14,47.5,0,1.8,1,0,0,1,1,1,1,RNA polymerase sigma factor [Bacillus phage SP-10],phage
AGY48597.1,-,Sigma70_r2,PF04542.15,2.3e-14,47.2,0,4.2e-14,46.3,0,1.4,1,0,0,1,1,1,1,RNA polymerase sigma factor [Bacillus phage Spock],phage
AKA61526.1,-,Sigma70_r2,PF04542.15,1.9e-13,42.9,0.1,4.5e-13,41.7,0.1,1.6,1,0,0,1,1,1,1,RNA polymerase sigma factor [Bacillus phage Stahl],phage
AKA61495.1,-,Sigma70_r2,PF04542.15,3e-7,23,0,6.3e-7,22,0,1.5,1,0,0,1,1,1,1,RNA polymerase sigma factor [Bacillus phage Stahl],phage
AGY48783.1,-,Sigma70_r2,PF04542.15,2.1e-13,42.8,0.1,4.6e-13,41.7,0.1,1.6,1,0,0,1,1,1,1,RNA polymerase sigma 70 factor [Bacillus phage Staley],phage
AGY48752.1,-,Sigma70_r2,PF04542.15,2.9e-7,23.1,0,6.1e-7,22.1,0,1.5,1,0,0,1,1,1,1,RNA polymerase sigma factor [Bacillus phage Staley],phage
AKC02726.1,-,Sigma70_r2,PF04542.15,3.7e-14,45.2,0,7.8e-14,44.1,0,1.5,1,0,0,1,1,1,1,RNA polymerase sigma factor [Bacillus phage Stills],phage
AKC02694.1,-,Sigma70_r2,PF04542.15,1e-7,24.5,0,2.3e-7,23.4,0,1.6,1,0,0,1,1,1,1,RNA polymerase sigma factor [Bacillus phage Stills],phage
ASZ75934.1,-,Sigma70_r2,PF04542.15,5.6e-13,42.7,0,9.1e-13,42,0,1.4,1,0,0,1,1,1,1,SigF-like RNA polymerase sigma factor [Bacillus phage Taffo16],phage
QLF85884.1,-,Sigma70_r2,PF04542.15,7.7e-10,32.2,0,2.3e-9,30.6,0,1.9,1,0,0,1,1,1,1,RNA polymerase sigma factor [Bacillus phage Tomato],phage
AGT13480.1,-,Sigma70_r2,PF04542.15,5.7e-13,42.7,0,9.3e-13,42,0,1.4,1,0,0,1,1,1,1,RNA polymerase,phage
ALA13222.1,-,Sigma70_r2,PF04542.15,2.3e-17,56.6,0.1,4.1e-17,55.8,0.1,1.4,1,0,0,1,1,1,1,RNA polymerase sigma factor [Bacillus phage TsarBomba],phage
ALA13223.1,-,Sigma70_r2,PF04542.15,4.3e-14,46.1,0,9e-14,45.1,0,1.6,1,0,0,1,1,1,1,RNA polymerase sigma factor [Bacillus phage TsarBomba],phage
AFQ96418.1,-,Sigma70_r2,PF04542.15,4.5e-16,52.4,0.2,1.2e-15,51,0,1.8,2,0,0,2,2,2,1,putative RNA polymerase sigma factor G [Bacillus phage vB_BceM_Bc431v3],phage
AFQ96417.1,-,Sigma70_r2,PF04542.15,2.4e-12,40.5,0,4.5e-12,39.6,0,1.5,1,0,0,1,1,1,1,RNA polymerase sigma-70 factor,phage
ALV83472.1,-,Sigma70_r2,PF04542.15,1.9e-13,42.1,0,4.1e-13,41.1,0,1.6,1,0,0,1,1,1,1,DNA-directed RNA polymerase sigma-70 factor [Bacillus phage vB_BceS-MY192],phage
QDP42999.1,-,Sigma70_r2,PF04542.15,9.4e-14,45,0,2.9e-13,43.4,0,1.9,2,0,0,2,2,2,1,RNA polymerase sigma factor [Bacillus phage vB_BmeM-Goe8],phage
QDP42942.1,-,Sigma70_r2,PF04542.15,4.7e-8,26.7,0,9.1e-8,25.8,0,1.5,1,0,0,1,1,1,1,RNA polymerase sigma factor [Bacillus phage vB_BmeM-Goe8],phage
QEG13664.1,-,Sigma70_r2,PF04542.15,1.1e-16,54.3,0,1.8e-16,53.7,0,1.4,1,0,0,1,1,1,1,putative RNA polymerase sigma 28 subunit SigG [Bacillus phage vB_BspM_MarvelLand],phage
QEG13663.1,-,Sigma70_r2,PF04542.15,4.2e-14,46.1,0,9e-14,45,0,1.6,1,0,0,1,1,1,1,putative RNA polymerase sigma factor [Bacillus phage vB_BspM_MarvelLand],phage
QMV48586.1,-,Sigma70_r2,PF04542.15,8.2e-10,32.2,0.1,2.6e-9,30.6,0,1.9,2,0,0,2,2,2,1,putative RNA polymerase sigma-70-like protein [Bacillus phage vB_BsuM-Goe10],phage
APZ82618.1,-,Sigma70_r2,PF04542.15,4.9e-11,36.3,0,1.1e-10,35.2,0,1.6,1,0,0,1,1,1,1,RNA polymerase sigma factor [Bacillus phage vB_BsuM-Goe3],phage
AZF89309.1,-,Sigma70_r2,PF04542.15,3.2e-12,40.2,0.1,8.4e-12,38.9,0.1,1.8,1,0,0,1,1,1,1,RNA polymerase sigma factor [Bacillus phage vB_BthM-Goe5],phage
QDP43184.1,-,Sigma70_r2,PF04542.15,2.3e-11,37.4,0,5.3e-11,36.2,0,1.6,1,0,0,1,1,1,1,putative RNA polymerase sigma-70 [Bacillus phage vB_BveM-Goe7],phage
AMW61966.1,-,Sigma70_r2,PF04542.15,9.1e-12,38.9,0,2.4e-11,37.5,0,1.8,1,0,0,1,1,1,1,sigma factor [Bacillus phage Vinny],phage
ADH03291.1,-,Sigma70_r2,PF04542.15,1.9e-10,34.6,0.1,5e-10,33.2,0,1.8,2,0,0,2,2,2,1,gp145 [Bacillus phage W.Ph.],phage
ASR79140.1,-,Sigma70_r2,PF04542.15,3.8e-10,33.7,0.1,1.1e-9,32.3,0,1.8,2,0,0,2,2,2,1,RNA polymerase sigma factor [Bacillus phage Zainny],phage
AMW62487.1,-,Sigma70_r2,PF04542.15,9.2e-10,32.5,0,3.3e-9,30.7,0,2,1,0,0,1,1,1,1,sigma factor [Bacillus phage Zuko],phage
AGY46846.1,-,Sigma70_r2,PF04542.15,2.1e-8,26.3,0,4.4e-8,25.2,0,1.6,1,0,0,1,1,1,1,RNA polymerase sigma-70 factor [Bacillus virus Blastoid],phage
ALO79609.1,-,Sigma70_r2,PF04542.15,7.4e-18,58.2,0.2,3.5e-17,56.1,0,2.1,2,0,0,2,2,2,1,sigma70 protein [Bacillus virus BM15],phage
ALO79610.1,-,Sigma70_r2,PF04542.15,7.2e-12,39.1,0,1.7e-11,37.9,0,1.7,1,0,0,1,1,1,1,RNA polymerase sigma factor [Bacillus virus BM15],phage
AGE60807.1,-,Sigma70_r2,PF04542.15,5.6e-8,24.8,0,1.2e-7,23.8,0,1.6,1,0,0,1,1,1,1,RNA polymerase sigma-70 factor [Bacillus virus Eoghan],phage
AEO93340.1,-,Sigma70_r2,PF04542.15,1.9e-10,35.8,0,2.9e-10,35.2,0,1.4,1,0,0,1,1,1,1,gp69 [Bacillus virus G],phage
AGE60961.1,-,Sigma70_r2,PF04542.15,5.6e-8,24.8,0,1.2e-7,23.8,0,1.6,1,0,0,1,1,1,1,RNA polymerase sigma-70 factor [Bacillus virus Taylor],phage
ABC40436.1,-,Sigma70_r2,PF04542.15,4.6e-14,43.9,0,1e-13,42.8,0,1.6,1,0,0,1,1,1,1,putative RNA polymerase sigma subunit [Bacillus virus Wbeta],phage
AAL96802.1,-,Sigma70_r2,PF04542.15,4.4e-10,31,0,8.8e-10,30,0,1.4,1,0,0,1,1,1,1,putative sigma factor [Clostridium phage phi3626],phage
ADL40362.1,-,Sigma70_r2,PF04542.15,1.6e-10,33.2,0,3.5e-10,32.1,0,1.6,2,0,0,2,2,2,1,putative RNA polymerase sigma factor [Clostridium phage phiCTP1],phage
AGH27928.1,-,Sigma70_r2,PF04542.15,7.1e-14,43.2,0.6,2.5e-13,41.4,0,2,2,0,0,2,2,2,1,putative sporulation sigma factor [Clostridium phage vB_CpeS-CP51],phage
QFG05192.1,-,Sigma70_r4_2,PF08281.13,7.2e-17,53.4,0,1.3e-16,52.5,0,1.5,1,0,0,1,1,1,1,RNA polymerase sigma factor [Bacillus phage 019DV002],phage
QFG05277.1,-,Sigma70_r4_2,PF08281.13,7.2e-17,53.4,0,1.3e-16,52.5,0,1.5,1,0,0,1,1,1,1,RNA polymerase sigma factor [Bacillus phage 019DV004],phage
QFR56516.1,-,Sigma70_r4_2,PF08281.13,6.3e-17,53.5,0,1.3e-16,52.5,0,1.6,1,0,0,1,1,1,1,RNA polymerase sigma factor [Bacillus phage 056SW001B],phage
QFG05890.1,-,Sigma70_r4_2,PF08281.13,6.8e-17,53.4,0,1.3e-16,52.5,0,1.5,1,0,0,1,1,1,1,RNA polymerase sigma factor [Bacillus phage 276BB001],phage
QFG05971.1,-,Sigma70_r4_2,PF08281.13,6.8e-17,53.4,0,1.3e-16,52.5,0,1.5,1,0,0,1,1,1,1,RNA polymerase sigma factor [Bacillus phage 280BB001],phage
ASR78944.1,-,Sigma70_r4_2,PF08281.13,3.5e-13,43.3,0.4,1.6e-5,18.8,0,3.3,3,0,0,3,3,3,3,RNA polymerase sigma factor [Bacillus phage AaronPhadgers],phage
QDH50209.1,-,Sigma70_r4_2,PF08281.13,1.9e-10,34.5,0.7,9.2e-6,19.5,0,2.8,3,0,0,3,3,3,2,sigma factor [Bacillus phage ALPS],phage
ASU01064.1,-,Sigma70_r4_2,PF08281.13,3.8e-12,39.9,1.4,1.5e-7,25.2,0,2.7,3,0,0,3,3,3,2,RNA polymerase sigma factor [Bacillus phage Anthony],phage
AZF88386.1,-,Sigma70_r4_2,PF08281.13,1.4e-8,26.3,0.2,9.9e-6,17.1,0.1,2.5,2,0,0,2,2,2,2,putative RNA polymerase sigma subunit [Bacillus phage AP631],phage
ALA13372.1,-,Sigma70_r4_2,PF08281.13,1.3e-8,28.7,0.2,3.5e-5,17.7,0,2.4,2,0,0,2,2,2,2,SigF-like RNA polymerase sigma factor [Bacillus phage AvesoBmore],phage
AEZ65936.1,-,Sigma70_r4_2,PF08281.13,4.1e-8,27,0.4,1.8e-5,18.5,0.1,2.5,2,0,0,2,2,2,2,sporulation sigma factor SigF-like protein [Bacillus phage B4],phage
AEW47372.1,-,Sigma70_r4_2,PF08281.13,4e-8,27,0.4,1.7e-5,18.5,0.1,2.5,2,0,0,2,2,2,2,putative RNA polymerase sigma 28 subunit SigF [Bacillus phage B5S],phage
AEQ34342.1,-,Sigma70_r4_2,PF08281.13,1.8e-12,40.9,0.2,1.4e-7,25.2,0,2.6,2,0,0,2,2,2,2,RNA polymerase sigma-F factor [Bacillus phage Bastille],phage
QEG04258.1,-,Sigma70_r4_2,PF08281.13,1.3e-15,50.8,7.2,2.3e-12,40.4,1,3.1,3,0,0,3,3,3,2,putative RNA polymerase sigma 28 subunit [Bacillus phage BC-T25],phage
QEG04257.1,-,Sigma70_r4_2,PF08281.13,1.1e-7,25.3,0.1,1.5e-6,21.7,0,2.3,2,0,0,2,2,2,1,RNA polymerase sigma factor [Bacillus phage BC-T25],phage
AXU41211.1,-,Sigma70_r4_2,PF08281.13,4.7e-7,23.4,5.7,2.4e-6,21.1,0.7,2.9,3,0,0,3,3,3,2,RNA polymerase sigma factor [Bacillus phage BC01],phage
CCE73875.1,-,Sigma70_r4_2,PF08281.13,1.9e-10,32.4,0.4,3.8e-10,31.4,0.4,1.6,1,0,0,1,1,1,1,sigma70,phage
AUM58962.1,-,Sigma70_r4_2,PF08281.13,9.4e-7,22.3,0,1.7e-6,21.5,0,1.5,1,0,0,1,1,1,1,DNA replication/modification protein [Bacillus phage BCP01],phage
AUM58961.1,-,Sigma70_r4_2,PF08281.13,1.1e-6,22.1,0.1,2.1e-6,21.2,0.1,1.4,1,0,0,1,1,1,1,DNA replication/modification protein [Bacillus phage BCP01],phage
AHN66675.1,-,Sigma70_r4_2,PF08281.13,1.2e-6,22,0,2.2e-6,21.2,0,1.5,1,0,0,1,1,1,1,RNA polymerase sigma-70 factor,phage
AQN32486.1,-,Sigma70_r4_2,PF08281.13,1.5e-15,50.5,1.8,1.1e-13,44.5,0.9,2.8,2,0,0,2,2,2,2,RNA polymerase sporulation specific sigma factor SigF [Bacillus phage BCP12],phage
AEW47115.1,-,Sigma70_r4_2,PF08281.13,1.5e-15,50.5,1.8,1.1e-13,44.5,0.9,2.8,2,0,0,2,2,2,2,putative RNA polymerase sigma 28 subunit SigF [Bacillus phage BCP78],phage
AHJ87164.1,-,Sigma70_r4_2,PF08281.13,1e-6,22.2,0.1,1.8e-6,21.4,0.1,1.4,1,0,0,1,1,1,1,putative RNA polymerase sigma factor G [Bacillus phage BCP8-2],phage
AHJ87163.1,-,Sigma70_r4_2,PF08281.13,1.8e-6,21.4,0,3.5e-6,20.5,0,1.5,1,0,0,1,1,1,1,putative RNA polymerase sigma-70 factor,phage
AEW47604.1,-,Sigma70_r4_2,PF08281.13,1.5e-15,50.5,1.8,1.1e-13,44.5,0.9,2.8,2,0,0,2,2,2,2,putative RNA polymerase sigma 28 subunit SigF [Bacillus phage BCU4],phage
ANM46154.1,-,Sigma70_r4_2,PF08281.13,1.1e-12,41.6,0.4,1.6e-5,18.7,0,3.2,3,0,0,3,3,3,2,RNA polymerase sigma factor [Bacillus phage Belinda],phage
QDH49898.1,-,Sigma70_r4_2,PF08281.13,3.7e-8,27.2,0.1,5.5e-6,20.3,0,3,3,0,0,3,3,3,2,sigma factor [Bacillus phage Beyonphe],phage
AGY46709.1,-,Sigma70_r4_2,PF08281.13,2.7e-8,27.6,0.1,3.4e-5,17.7,0,2.4,2,0,0,2,2,2,2,RNA polymerase sigma factor [Bacillus phage BigBertha],phage
AOZ61848.1,-,Sigma70_r4_2,PF08281.13,2.2e-12,40.7,0.4,1.5e-5,18.8,0,3.2,3,0,0,3,3,3,2,RNA polymerase sigma factor [Bacillus phage BJ4],phage
AII27989.1,-,Sigma70_r4_2,PF08281.13,3.2e-11,36.8,0.3,1.3e-9,31.7,0.1,2.3,2,0,0,2,2,2,2,RNA polymerase sigma factor [Bacillus phage Bobb],phage
AHJ87469.1,-,Sigma70_r4_2,PF08281.13,1.2e-12,41.2,1.8,4.6e-10,32.8,0.6,2.3,2,0,0,2,2,2,2,putative RNA polymerase sigma factor SigF 2 [Bacillus phage Bp8p-C],phage
AHJ87680.1,-,Sigma70_r4_2,PF08281.13,1.2e-12,41.2,1.8,4.6e-10,32.8,0.6,2.3,2,0,0,2,2,2,2,putative RNA polymerase sigma factor SigF 2 [Bacillus phage Bp8p-T],phage
AGI12133.1,-,Sigma70_r4_2,PF08281.13,3.6e-11,36.7,0,3.2e-6,20.9,0,2.5,2,0,0,2,2,2,2,putative RNA polymerase sigma factor [Bacillus phage BPS10C],phage
AEZ50316.1,-,Sigma70_r4_2,PF08281.13,1.3e-10,34.9,0.1,1.3e-5,18.9,0,2.7,3,0,0,3,3,3,2,putative RNA polymerase sigma factor [Bacillus phage BPS13],phage
AUO79472.1,-,Sigma70_r4_2,PF08281.13,3.8e-9,30.1,2.9,3.4e-8,27,0.2,2.4,2,0,0,2,2,2,2,RNA polymerase sigma factor 2 [Bacillus phage BSP10],phage
AXH71210.1,-,Sigma70_r4_2,PF08281.13,1.2e-10,35,0.1,3.3e-8,27.2,0,2.4,2,0,0,2,2,2,2,putative RNA polymerase sigma factor 2 [Bacillus phage BSP38],phage
ATN94413.1,-,Sigma70_r4_2,PF08281.13,2e-9,30.9,2.1,3.3e-8,27,0.2,2.5,2,0,0,2,2,2,2,RNA polymerase sigma 70 factor [Bacillus phage BSP9],phage
AFL46426.1,-,Sigma70_r4_2,PF08281.13,1.7e-10,32.4,0.4,3.4e-10,31.4,0.4,1.6,1,0,0,1,1,1,1,RNA polymerase sigma factor [Bacillus phage BtCS33],phage
AUO78602.1,-,Sigma70_r4_2,PF08281.13,1.9e-10,32.4,0.4,3.8e-10,31.4,0.4,1.6,1,0,0,1,1,1,1,sigma-70 [Bacillus phage BtiUFT6.51-F],phage
ASR78776.1,-,Sigma70_r4_2,PF08281.13,4.8e-12,39.7,0.5,9.3e-6,19.6,0,3.2,3,0,0,3,3,3,2,RNA polymerase sigma factor [Bacillus phage Bubs],phage
AHZ09647.1,-,Sigma70_r4_2,PF08281.13,3.9e-12,39.9,1.4,1.5e-7,25.2,0,2.7,3,0,0,3,3,3,2,RNA polymerase sigma factor [Bacillus phage CAM003],phage
ABA46386.1,-,Sigma70_r4_2,PF08281.13,7.5e-9,27,0.2,9e-6,17.1,0.1,2.5,2,0,0,2,2,2,2,RNA polymerase sigma factor,phage
QEM43258.1,-,Sigma70_r4_2,PF08281.13,2e-6,21.6,0.4,0.004,11.1,0.1,3,3,0,0,3,3,3,2,RNA polymerase sigma factor [Bacillus phage Chotacabras],phage
AMO25911.1,-,Sigma70_r4_2,PF08281.13,1.3e-6,21.9,0,2.8e-6,20.8,0,1.6,1,0,0,1,1,1,1,RNA polymerase sigma-70 factor sigma-B/F/G subfamily [Bacillus phage Deep Blue],phage
AMW62796.1,-,Sigma70_r4_2,PF08281.13,1e-12,41.8,0.6,1.5e-5,18.8,0,3.2,3,0,0,3,3,3,2,sigma factor [Bacillus phage DIGNKC],phage
ANT41264.1,-,Sigma70_r4_2,PF08281.13,1.8e-11,37.9,0.3,8.4e-6,19.7,0,3.2,3,0,0,3,3,3,2,sigma factor [Bacillus phage DirtyBetty],phage
AMB18752.1,-,Sigma70_r4_2,PF08281.13,4.7e-15,49,1.9,6.4e-11,35.8,0.4,2.6,2,0,0,2,2,2,2,sporulation sigma factor SigF [Bacillus phage Eldridge],phage
AMB18751.1,-,Sigma70_r4_2,PF08281.13,6.4e-7,22.9,1.4,8.2e-6,19.4,0.1,3,3,0,0,3,3,3,1,RNA polymerase sigma factor [Bacillus phage Eldridge],phage
AHZ09937.1,-,Sigma70_r4_2,PF08281.13,1.9e-12,40.9,0.2,1.6e-7,25.2,0,2.6,2,0,0,2,2,2,2,RNA polymerase sigma factor [Bacillus phage Evoli],phage
ALA46534.1,-,Sigma70_r4_2,PF08281.13,1.7e-11,37.9,0.3,8.3e-6,19.7,0,3.2,3,0,0,3,3,3,2,SigF-like RNA polymerase sigma factor [Bacillus phage Eyuki],phage
ABA42728.1,-,Sigma70_r4_2,PF08281.13,7.4e-9,27,0.2,8.9e-6,17.1,0.1,2.5,2,0,0,2,2,2,2,sigma70 factor [Bacillus phage Fah],phage
ARQ95128.1,-,Sigma70_r4_2,PF08281.13,1.5e-9,31.6,1.6,1.3e-6,22.2,0.4,3.1,3,0,0,3,3,3,2,SigF-like RNA polymerase sigma factor [Bacillus phage Flapjack],phage
ABC40488.1,-,Sigma70_r4_2,PF08281.13,7.8e-9,27,0.2,9.4e-6,17.1,0.1,2.5,2,0,0,2,2,2,2,putative RNA polymerase sigma subunit [Bacillus phage Gamma isolate d'Herelle],phage
AGY47431.1,-,Sigma70_r4_2,PF08281.13,6.1e-9,29.5,4.5,3.6e-8,27,0.2,2.9,3,0,0,3,3,3,2,RNA polymerase sigma-70 factor [Bacillus phage Grass],phage
AHZ10241.1,-,Sigma70_r4_2,PF08281.13,2.8e-10,34,0.9,1e-5,19.4,0,2.8,3,0,0,3,3,3,2,sigF-like RNA polymerase sigma factor [Bacillus phage Hakuna],phage
AXQ66958.1,-,Sigma70_r4_2,PF08281.13,1.4e-6,22,0,2.6e-6,21.1,0,1.5,1,0,0,1,1,1,1,RNA polymerase subunit alpha [Bacillus phage Hobo],phage
AUV57859.1,-,Sigma70_r4_2,PF08281.13,6.3e-13,42.4,0.4,2.1e-5,18.4,0,3.3,3,0,0,3,3,3,3,SigF-like RNA polymerase sigma factor [Bacillus phage HonestAbe],phage
AHZ10517.1,-,Sigma70_r4_2,PF08281.13,2.6e-10,34,0,3.1e-6,20.9,0,2.9,3,0,0,3,3,3,2,RNA polymerase sigma factor [Bacillus phage Hoody T],phage
ASR79696.1,-,Sigma70_r4_2,PF08281.13,2.9e-10,33.9,0,3.3e-6,20.9,0,2.8,3,0,0,3,3,3,2,RNA polymerase sigma factor [Bacillus phage Janet],phage
AID17799.1,-,Sigma70_r4_2,PF08281.13,9e-7,22.2,0.1,1.6e-6,21.4,0.1,1.4,1,0,0,1,1,1,1,putative RNA polymerase sigma factor G [Bacillus phage JBP901],phage
AID17798.1,-,Sigma70_r4_2,PF08281.13,1.7e-6,21.4,0,3.2e-6,20.5,0,1.5,1,0,0,1,1,1,1,putative RNA polymerase sigma-70 factor [Bacillus phage JBP901],phage
AMW61625.1,-,Sigma70_r4_2,PF08281.13,6.5e-8,26.4,0.1,5.3e-6,20.3,0,2.8,3,0,0,3,3,3,2,sigma factor [Bacillus phage Juglone],phage
AXQ67115.1,-,Sigma70_r4_2,PF08281.13,1.9e-12,40.9,0.2,1.5e-7,25.2,0,2.6,2,0,0,2,2,2,2,RNA polymerase [Bacillus phage Kamfam],phage
ANU79852.1,-,Sigma70_r4_2,PF08281.13,2e-10,34.5,0.7,9.4e-6,19.5,0,2.8,3,0,0,3,3,3,2,sigma factor [Bacillus phage Kida],phage
AXQ67820.1,-,Sigma70_r4_2,PF08281.13,2.4e-7,24.4,0,4.4e-7,23.6,0,1.5,1,0,0,1,1,1,1,RNA polymerase subunit alpha [Bacillus phage Kioshi],phage
AIW03238.1,-,Sigma70_r4_2,PF08281.13,9.3e-11,35.2,4.6,1.9e-7,24.7,0.5,4.1,3,1,0,3,3,3,3,RNA polymerase sigma factor [Bacillus phage Mater],phage
AHZ10802.1,-,Sigma70_r4_2,PF08281.13,1.7e-11,37.9,0.4,8.1e-6,19.7,0,3.2,3,0,0,3,3,3,2,RNA polymerase sigma factor [Bacillus phage Megatron],phage
AIW03563.1,-,Sigma70_r4_2,PF08281.13,1.1e-14,47.8,2.7,5.5e-11,36,0.3,2.6,2,0,0,2,2,2,2,RNA polymerase sigma factor [Bacillus phage Moonbeam],phage
AIW03562.1,-,Sigma70_r4_2,PF08281.13,9.4e-7,22.4,0.6,4e-5,17.2,0.2,2.8,3,0,0,3,3,3,1,RNA polymerase sigma factor [Bacillus phage Moonbeam],phage
AMW63747.1,-,Sigma70_r4_2,PF08281.13,3.8e-12,40,0.5,8.4e-6,19.7,0,3.2,3,0,0,3,3,3,2,sigma factor [Bacillus phage Nemo],phage
AMW61377.1,-,Sigma70_r4_2,PF08281.13,6.7e-11,36,0.4,8.4e-6,19.7,0,2.9,3,0,0,3,3,3,2,sigma factor [Bacillus phage Nigalana],phage
AMW63445.1,-,Sigma70_r4_2,PF08281.13,1.9e-10,34.5,0.7,9.2e-6,19.5,0,2.8,3,0,0,3,3,3,2,sigma factor [Bacillus phage NotTheCreek],phage
AXQ67439.1,-,Sigma70_r4_2,PF08281.13,1.8e-11,37.9,0.4,8.3e-6,19.7,0,3.2,3,0,0,3,3,3,2,RNA polymerase sigma factor [Bacillus phage OmnioDeoPrimus],phage
ASR79669.1,-,Sigma70_r4_2,PF08281.13,1.9e-12,40.9,0.2,1.5e-7,25.2,0,2.6,2,0,0,2,2,2,2,RNA polymerase sigma factor [Bacillus phage OTooleKemple52],phage
ALA07697.1,-,Sigma70_r4_2,PF08281.13,4.3e-7,23.4,5.7,2.2e-6,21.1,0.7,2.9,3,0,0,3,3,3,2,putative RNA polymerase sigma 28 subunit SigF [Bacillus phage PBC6],phage
ALN97362.1,-,Sigma70_r4_2,PF08281.13,1.9e-10,32.4,0.4,3.8e-10,31.4,0.4,1.6,1,0,0,1,1,1,1,sigma-70 [Bacillus phage phi4I1],phage
AGB62713.1,-,Sigma70_r4_2,PF08281.13,1.1e-7,25.2,0.9,0.0016,11.9,0.3,2.2,2,0,0,2,2,2,2,putative RNA polymerase sigma factor SigF 2 [Bacillus phage phiAGATE],phage
AGV99468.1,-,Sigma70_r4_2,PF08281.13,4.2e-8,24.7,0.1,7.6e-8,23.9,0.1,1.5,1,0,0,1,1,1,1,RNA polymerase sigma factor [Bacillus phage phiCM3],phage
BAN59653.1,-,Sigma70_r4_2,PF08281.13,6.8e-10,32.3,2.8,6.4e-9,29.2,0.2,2.4,2,0,0,2,2,2,2,putative sigma factor [Bacillus phage phiNIT1],phage
QDH49502.1,-,Sigma70_r4_2,PF08281.13,1.9e-10,34.5,0.7,9.3e-6,19.5,0,2.8,3,0,0,3,3,3,2,sigma factor [Bacillus phage Phireball],phage
AEV89274.1,-,Sigma70_r4_2,PF08281.13,7.7e-10,30.1,0.2,1.3e-9,29.4,0.2,1.4,1,0,0,1,1,1,1,RNA-polymerase sigma-factor [Bacillus phage phIS3501],phage
AMW62240.1,-,Sigma70_r4_2,PF08281.13,6.4e-8,26.4,0.1,5.3e-6,20.3,0,2.8,3,0,0,3,3,3,2,sigma factor [Bacillus phage Phrodo],phage
ANY29315.1,-,Sigma70_r4_2,PF08281.13,9.8e-7,22.3,0,1.7e-6,21.5,0,1.5,1,0,0,1,1,1,1,putative RNA polymerase sigma-70 factor [Bacillus phage PK16],phage
ANY29316.1,-,Sigma70_r4_2,PF08281.13,1.2e-6,22.1,0.1,2.2e-6,21.2,0.1,1.4,1,0,0,1,1,1,1,putative RNA polymerase sigma factor G [Bacillus phage PK16],phage
ASR78475.1,-,Sigma70_r4_2,PF08281.13,2.9e-10,34,0.9,1e-5,19.4,0,2.8,3,0,0,3,3,3,2,RNA polymerase sigma factor [Bacillus phage PPIsBest],phage
AOZ62117.1,-,Sigma70_r4_2,PF08281.13,2e-13,44.1,1.1,3.7e-13,43.2,1.1,1.5,1,0,0,1,1,1,1,RNA polymerase sigma 28 subunit [Bacillus phage QCM8],phage
AIF72077.1,-,Sigma70_r4_2,PF08281.13,6.5e-8,26.4,0.1,5.3e-6,20.3,0,2.8,3,0,0,3,3,3,2,sigF-like RNA polymerase [Bacillus phage Riley],phage
AXF41881.1,-,Sigma70_r4_2,PF08281.13,9.2e-13,41.5,0.6,1.2e-5,18.7,0,3.2,3,0,0,3,3,3,2,RNA polymerase sigma factor [Bacillus phage Saddex],phage
AMW63146.1,-,Sigma70_r4_2,PF08281.13,2.9e-10,34,0.9,1e-5,19.4,0,2.8,3,0,0,3,3,3,2,sigma factor [Bacillus phage SageFayge],phage
ANH50776.1,-,Sigma70_r4_2,PF08281.13,2.8e-11,37.2,0.2,3.5e-6,20.9,0,2.8,3,0,0,3,3,3,2,SigF-like RNA polymerase sigma factor [Bacillus phage SalinJah],phage
AOZ62476.1,-,Sigma70_r4_2,PF08281.13,1e-12,41.8,0.6,1.6e-5,18.8,0,3.2,3,0,0,3,3,3,2,RNA polymerase sigma factor [Bacillus phage SBP8a],phage
AGY48388.1,-,Sigma70_r4_2,PF08281.13,4e-8,25.7,0.1,1.1e-4,14.7,0,2.8,2,0,0,2,2,2,2,RNA polymerase sigma factor [Bacillus phage Slash],phage
ANI24840.1,-,Sigma70_r4_2,PF08281.13,2.1e-11,37.6,0.6,8.1e-6,19.7,0,3.2,3,0,0,3,3,3,2,RNA polymerase sigma factor [Bacillus phage Smudge],phage
AGY48597.1,-,Sigma70_r4_2,PF08281.13,1.5e-9,31.6,1.6,1.3e-6,22.2,0.4,3.1,3,0,0,3,3,3,2,RNA polymerase sigma factor [Bacillus phage Spock],phage
AKA61526.1,-,Sigma70_r4_2,PF08281.13,6.1e-7,21.9,0.2,0.0028,10.2,0.1,2.8,2,0,0,2,2,2,2,RNA polymerase sigma factor [Bacillus phage Stahl],phage
AGY48783.1,-,Sigma70_r4_2,PF08281.13,8.2e-7,21.6,0.1,0.0028,10.2,0.1,2.7,2,0,0,2,2,2,2,RNA polymerase sigma 70 factor [Bacillus phage Staley],phage
AKC02726.1,-,Sigma70_r4_2,PF08281.13,1.4e-7,24,0.2,0.0014,11.1,0,2.7,2,0,0,2,2,2,2,RNA polymerase sigma factor [Bacillus phage Stills],phage
ASZ75934.1,-,Sigma70_r4_2,PF08281.13,6.4e-8,26.4,0.1,5.2e-6,20.3,0,2.8,3,0,0,3,3,3,2,SigF-like RNA polymerase sigma factor [Bacillus phage Taffo16],phage
QLF85884.1,-,Sigma70_r4_2,PF08281.13,1.2e-12,41,0.3,1.6e-5,18.2,0,3.2,3,0,0,3,3,3,2,RNA polymerase sigma factor [Bacillus phage Tomato],phage
AGT13480.1,-,Sigma70_r4_2,PF08281.13,6.5e-8,26.4,0.1,5.3e-6,20.3,0,2.8,3,0,0,3,3,3,2,RNA polymerase,phage
ALA13223.1,-,Sigma70_r4_2,PF08281.13,7.9e-7,22.7,1.6,3e-6,20.8,0.6,2.4,2,0,0,2,2,2,1,RNA polymerase sigma factor [Bacillus phage TsarBomba],phage
AFQ96418.1,-,Sigma70_r4_2,PF08281.13,5.2e-7,23.2,0.1,9e-7,22.5,0.1,1.4,1,0,0,1,1,1,1,putative RNA polymerase sigma factor G [Bacillus phage vB_BceM_Bc431v3],phage
AFQ96417.1,-,Sigma70_r4_2,PF08281.13,8.7e-7,22.5,0,1.6e-6,21.7,0,1.5,1,0,0,1,1,1,1,RNA polymerase sigma-70 factor,phage
QDP42942.1,-,Sigma70_r4_2,PF08281.13,1.2e-11,38.1,1.4,9.2e-7,22.5,0.4,2.6,2,0,0,2,2,2,2,RNA polymerase sigma factor [Bacillus phage vB_BmeM-Goe8],phage
QDP42999.1,-,Sigma70_r4_2,PF08281.13,2e-11,37.4,0.4,1.4e-10,34.7,0.1,2.2,2,0,0,2,2,2,1,RNA polymerase sigma factor [Bacillus phage vB_BmeM-Goe8],phage
QEG13663.1,-,Sigma70_r4_2,PF08281.13,2.5e-7,24.3,1.2,3e-6,20.8,0.6,2.6,2,0,0,2,2,2,1,putative RNA polymerase sigma factor [Bacillus phage vB_BspM_MarvelLand],phage
APZ82618.1,-,Sigma70_r4_2,PF08281.13,8.5e-13,41.8,0.2,2.7e-10,33.8,0.1,2.6,2,0,0,2,2,2,2,RNA polymerase sigma factor [Bacillus phage vB_BsuM-Goe3],phage
AZF89309.1,-,Sigma70_r4_2,PF08281.13,1.9e-10,34.4,0,3.1e-6,20.9,0,2.8,3,0,0,3,3,3,2,RNA polymerase sigma factor [Bacillus phage vB_BthM-Goe5],phage
QDP43184.1,-,Sigma70_r4_2,PF08281.13,8.8e-13,41.8,0.2,2.8e-10,33.8,0.1,2.6,2,0,0,2,2,2,2,putative RNA polymerase sigma-70 [Bacillus phage vB_BveM-Goe7],phage
AMW61966.1,-,Sigma70_r4_2,PF08281.13,2.8e-10,34,0,3.4e-6,20.9,0,2.9,3,0,0,3,3,3,2,sigma factor [Bacillus phage Vinny],phage
ADH03291.1,-,Sigma70_r4_2,PF08281.13,2.5e-7,24.4,0.3,3.3e-5,17.7,0,2.7,3,0,0,3,3,3,2,gp145 [Bacillus phage W.Ph.],phage
ASR79140.1,-,Sigma70_r4_2,PF08281.13,2.2e-11,37.6,0.6,8.4e-6,19.7,0,3.2,3,0,0,3,3,3,2,RNA polymerase sigma factor [Bacillus phage Zainny],phage
AMW62487.1,-,Sigma70_r4_2,PF08281.13,3.4e-13,43.3,0.4,1.5e-5,18.8,0,3.3,3,0,0,3,3,3,3,sigma factor [Bacillus phage Zuko],phage
AGY46846.1,-,Sigma70_r4_2,PF08281.13,1.2e-9,30.1,0,2.3e-9,29.2,0,1.5,1,0,0,1,1,1,1,RNA polymerase sigma-70 factor [Bacillus virus Blastoid],phage
ALO79610.1,-,Sigma70_r4_2,PF08281.13,1.4e-6,22,0,2.6e-6,21.1,0,1.5,1,0,0,1,1,1,1,RNA polymerase sigma factor [Bacillus virus BM15],phage
AGE60807.1,-,Sigma70_r4_2,PF08281.13,1.1e-9,30.1,0,2.2e-9,29.2,0,1.5,1,0,0,1,1,1,1,RNA polymerase sigma-70 factor [Bacillus virus Eoghan],phage
AEO93340.1,-,Sigma70_r4_2,PF08281.13,1.2e-9,33.2,0,9.6e-9,30.2,0,2.1,2,0,0,2,2,2,1,gp69 [Bacillus virus G],phage
AGE60961.1,-,Sigma70_r4_2,PF08281.13,1.1e-9,30.1,0,2.2e-9,29.2,0,1.5,1,0,0,1,1,1,1,RNA polymerase sigma-70 factor [Bacillus virus Taylor],phage
ABC40436.1,-,Sigma70_r4_2,PF08281.13,7.8e-9,27,0.2,9.4e-6,17.1,0.1,2.5,2,0,0,2,2,2,2,putative RNA polymerase sigma subunit [Bacillus virus Wbeta],phage
AAL96802.1,-,Sigma70_r4_2,PF08281.13,2.7e-10,31.6,0.1,5.2e-10,30.7,0.1,1.5,1,0,0,1,1,1,1,putative sigma factor [Clostridium phage phi3626],phage
ADL40362.1,-,Sigma70_r4_2,PF08281.13,2.2e-8,26.2,0.1,3.3e-8,25.7,0.1,1.3,1,0,0,1,1,1,1,putative RNA polymerase sigma factor [Clostridium phage phiCTP1],phage
AGH27928.1,-,Sigma70_r4_2,PF08281.13,3.5e-8,24.8,0,6.1e-8,24,0,1.5,1,0,0,1,1,1,1,putative sporulation sigma factor [Clostridium phage vB_CpeS-CP51],phage
QFG05192.1,-,Sigma70_r4,PF04545.17,4.2e-11,34.7,0,7e-11,34,0,1.4,1,0,0,1,1,1,1,RNA polymerase sigma factor [Bacillus phage 019DV002],phage
QFG05277.1,-,Sigma70_r4,PF04545.17,4.2e-11,34.7,0,7e-11,34,0,1.4,1,0,0,1,1,1,1,RNA polymerase sigma factor [Bacillus phage 019DV004],phage
QFR56516.1,-,Sigma70_r4,PF04545.17,4.2e-11,34.7,0,6.9e-11,34,0,1.4,1,0,0,1,1,1,1,RNA polymerase sigma factor [Bacillus phage 056SW001B],phage
QFG05890.1,-,Sigma70_r4,PF04545.17,4.1e-11,34.7,0,6.7e-11,34,0,1.4,1,0,0,1,1,1,1,RNA polymerase sigma factor [Bacillus phage 276BB001],phage
QFG05971.1,-,Sigma70_r4,PF04545.17,4.1e-11,34.7,0,6.7e-11,34,0,1.4,1,0,0,1,1,1,1,RNA polymerase sigma factor [Bacillus phage 280BB001],phage
ASR78944.1,-,Sigma70_r4,PF04545.17,3e-13,43.4,0.1,9.1e-9,29,0,2.7,3,0,0,3,3,3,2,RNA polymerase sigma factor [Bacillus phage AaronPhadgers],phage
QDH50209.1,-,Sigma70_r4,PF04545.17,4.9e-11,36.3,0.2,9.6e-9,28.9,0.1,2.5,2,0,0,2,2,2,2,sigma factor [Bacillus phage ALPS],phage
ASU01064.1,-,Sigma70_r4,PF04545.17,5.1e-10,32.9,0.1,7.2e-8,26,0,3.2,3,0,0,3,3,3,1,RNA polymerase sigma factor [Bacillus phage Anthony],phage
AZF88386.1,-,Sigma70_r4,PF04545.17,1.2e-7,23.1,0,1.2e-6,19.9,0,2.3,2,0,0,2,2,2,1,putative RNA polymerase sigma subunit [Bacillus phage AP631],phage
ALA13372.1,-,Sigma70_r4,PF04545.17,5.9e-13,42.4,0.2,1.6e-12,41,0,1.8,2,0,0,2,2,2,1,SigF-like RNA polymerase sigma factor [Bacillus phage AvesoBmore],phage
AEZ65936.1,-,Sigma70_r4,PF04545.17,4.1e-8,26.8,1.2,9.5e-7,22.4,0.2,2.4,2,0,0,2,2,2,2,sporulation sigma factor SigF-like protein [Bacillus phage B4],phage
AEW47372.1,-,Sigma70_r4,PF04545.17,4.1e-8,26.8,1.2,9.4e-7,22.4,0.2,2.4,2,0,0,2,2,2,2,putative RNA polymerase sigma 28 subunit SigF [Bacillus phage B5S],phage
AEQ34342.1,-,Sigma70_r4,PF04545.17,6e-10,32.7,0.1,7e-8,26,0,3.1,3,0,0,3,3,3,1,RNA polymerase sigma-F factor [Bacillus phage Bastille],phage
QEG04258.1,-,Sigma70_r4,PF04545.17,3.3e-15,49.3,10.1,6.1e-15,48.4,2,3.5,3,0,0,3,3,3,2,putative RNA polymerase sigma 28 subunit [Bacillus phage BC-T25],phage
QEG04257.1,-,Sigma70_r4,PF04545.17,1.4e-10,34.5,0.3,1.3e-9,31.4,0,2.5,2,1,1,3,3,3,1,RNA polymerase sigma factor [Bacillus phage BC-T25],phage
AXU41211.1,-,Sigma70_r4,PF04545.17,7.7e-16,51.4,0.6,7.7e-16,51.4,0.6,2.3,3,0,0,3,3,3,1,RNA polymerase sigma factor [Bacillus phage BC01],phage
AXU41213.1,-,Sigma70_r4,PF04545.17,1.7e-10,34.2,0.2,4e-10,33,0.2,1.7,1,0,0,1,1,1,1,RNA polymerase sigma factor [Bacillus phage BC01],phage
CCE73875.1,-,Sigma70_r4,PF04545.17,4.5e-7,21.4,0.2,8.8e-7,20.5,0.2,1.5,1,0,0,1,1,1,1,sigma70,phage
AUM58961.1,-,Sigma70_r4,PF04545.17,1.1e-9,31.6,0.7,2.3e-9,30.5,0.7,1.6,1,0,0,1,1,1,1,DNA replication/modification protein [Bacillus phage BCP01],phage
AUM58962.1,-,Sigma70_r4,PF04545.17,5.6e-8,26.1,0,1.2e-7,25,0,1.6,1,0,0,1,1,1,1,DNA replication/modification protein [Bacillus phage BCP01],phage
AHN66674.1,-,Sigma70_r4,PF04545.17,2e-8,27.5,0,4.4e-8,26.5,0,1.6,1,0,0,1,1,1,1,RNA polymerase sigma-70 factor,phage
AQN32486.1,-,Sigma70_r4,PF04545.17,2.6e-17,56,7.9,2e-16,53.2,2.4,2.9,3,0,0,3,3,3,2,RNA polymerase sporulation specific sigma factor SigF [Bacillus phage BCP12],phage
AQN32487.1,-,Sigma70_r4,PF04545.17,2.2e-10,33.8,0.2,9.9e-10,31.7,0.1,2.1,2,0,0,2,2,2,1,RNA polymerase sporulation specific sigma factor SigG [Bacillus phage BCP12],phage
AEW47115.1,-,Sigma70_r4,PF04545.17,2.6e-17,56,7.9,2e-16,53.2,2.4,2.9,3,0,0,3,3,3,2,putative RNA polymerase sigma 28 subunit SigF [Bacillus phage BCP78],phage
AEW47116.1,-,Sigma70_r4,PF04545.17,2.1e-10,33.8,0.2,9.8e-10,31.7,0.1,2.1,2,0,0,2,2,2,1,putative RNA polymerase sigma 28 subunit SigG [Bacillus phage BCP78],phage
AHJ87164.1,-,Sigma70_r4,PF04545.17,8.4e-9,28.7,0.5,1.6e-8,27.8,0.5,1.5,1,0,0,1,1,1,1,putative RNA polymerase sigma factor G [Bacillus phage BCP8-2],phage
AHJ87163.1,-,Sigma70_r4,PF04545.17,2.1e-7,24.2,0,4.8e-7,23.1,0,1.7,1,0,0,1,1,1,1,putative RNA polymerase sigma-70 factor,phage
AEW47604.1,-,Sigma70_r4,PF04545.17,2.5e-17,56,7.9,2e-16,53.2,2.4,2.9,3,0,0,3,3,3,2,putative RNA polymerase sigma 28 subunit SigF [Bacillus phage BCU4],phage
AEW47605.1,-,Sigma70_r4,PF04545.17,2.1e-10,33.8,0.2,9.6e-10,31.7,0.1,2.1,2,0,0,2,2,2,1,putative RNA polymerase sigma 28 subunit SigG [Bacillus phage BCU4],phage
ANM46154.1,-,Sigma70_r4,PF04545.17,2.8e-13,43.4,0.2,8.9e-9,29,0,2.7,3,0,0,3,3,3,2,RNA polymerase sigma factor [Bacillus phage Belinda],phage
QDH49898.1,-,Sigma70_r4,PF04545.17,1.3e-11,38.1,0.1,1.1e-10,35.1,0,2.3,2,0,0,2,2,2,1,sigma factor [Bacillus phage Beyonphe],phage
AGY46709.1,-,Sigma70_r4,PF04545.17,6.3e-13,42.3,0.1,1.6e-12,41,0,1.8,2,0,0,2,2,2,1,RNA polymerase sigma factor [Bacillus phage BigBertha],phage
AOZ61848.1,-,Sigma70_r4,PF04545.17,3.6e-13,43.1,0.1,8.7e-9,29.1,0,2.7,3,0,0,3,3,3,2,RNA polymerase sigma factor [Bacillus phage BJ4],phage
AII27989.1,-,Sigma70_r4,PF04545.17,6.2e-14,45.3,0.3,1.2e-13,44.4,0.1,1.6,2,0,0,2,2,2,1,RNA polymerase sigma factor [Bacillus phage Bobb],phage
AII27990.1,-,Sigma70_r4,PF04545.17,8.2e-10,32.1,0.3,1.7e-9,31.1,0.1,1.6,2,0,0,2,2,2,1,RNA polymerase sigma factor [Bacillus phage Bobb],phage
AHJ87469.1,-,Sigma70_r4,PF04545.17,2.1e-17,56.2,1,8.4e-16,51.1,0.7,2.3,2,0,0,2,2,2,2,putative RNA polymerase sigma factor SigF 2 [Bacillus phage Bp8p-C],phage
AHJ87470.1,-,Sigma70_r4,PF04545.17,3.3e-11,36.3,0.7,1.6e-9,31,0.1,2.3,2,0,0,2,2,2,2,putative RNA polymerase sigma factor SigF 1 [Bacillus phage Bp8p-C],phage
AHJ87680.1,-,Sigma70_r4,PF04545.17,2.1e-17,56.2,1,8.4e-16,51.1,0.7,2.3,2,0,0,2,2,2,2,putative RNA polymerase sigma factor SigF 2 [Bacillus phage Bp8p-T],phage
AHJ87681.1,-,Sigma70_r4,PF04545.17,3.3e-11,36.3,0.7,1.6e-9,31,0.1,2.3,2,0,0,2,2,2,2,putative RNA polymerase sigma factor SigF 1 [Bacillus phage Bp8p-T],phage
AGI12133.1,-,Sigma70_r4,PF04545.17,1.8e-10,34.3,0.3,1.1e-8,28.6,0.1,2.5,2,0,0,2,2,2,2,putative RNA polymerase sigma factor [Bacillus phage BPS10C],phage
AEZ50316.1,-,Sigma70_r4,PF04545.17,2.8e-10,33.7,0.1,1.8e-8,27.9,0,2.5,2,0,0,2,2,2,2,putative RNA polymerase sigma factor [Bacillus phage BPS13],phage
AUO79472.1,-,Sigma70_r4,PF04545.17,5.3e-18,58.3,2.6,4.2e-17,55.4,0.7,2.4,2,0,0,2,2,2,1,RNA polymerase sigma factor 2 [Bacillus phage BSP10],phage
AXH71210.1,-,Sigma70_r4,PF04545.17,4.1e-14,45.9,0.5,2.8e-8,27.2,0,2.7,3,0,0,3,3,3,2,putative RNA polymerase sigma factor 2 [Bacillus phage BSP38],phage
ATN94413.1,-,Sigma70_r4,PF04545.17,3.2e-18,58.9,2.2,4e-17,55.4,0.7,2.5,2,0,0,2,2,2,1,RNA polymerase sigma 70 factor [Bacillus phage BSP9],phage
AFL46426.1,-,Sigma70_r4,PF04545.17,4e-7,21.4,0.2,7.9e-7,20.5,0.2,1.5,1,0,0,1,1,1,1,RNA polymerase sigma factor [Bacillus phage BtCS33],phage
AUO78602.1,-,Sigma70_r4,PF04545.17,4.5e-7,21.4,0.2,8.8e-7,20.5,0.2,1.5,1,0,0,1,1,1,1,sigma-70 [Bacillus phage BtiUFT6.51-F],phage
ASR78776.1,-,Sigma70_r4,PF04545.17,1.8e-12,40.9,0.3,1.9e-9,31.2,0.1,2.6,3,0,0,3,3,3,2,RNA polymerase sigma factor [Bacillus phage Bubs],phage
AHZ09647.1,-,Sigma70_r4,PF04545.17,5.3e-10,32.9,0.1,7.4e-8,26,0,3.2,3,0,0,3,3,3,1,RNA polymerase sigma factor [Bacillus phage CAM003],phage
ABA46386.1,-,Sigma70_r4,PF04545.17,3.3e-8,24.8,0,1.1e-6,19.9,0,2.5,2,0,0,2,2,2,1,RNA polymerase sigma factor,phage
QEM43258.1,-,Sigma70_r4,PF04545.17,1.1e-6,22.3,1.9,7.6e-5,16.4,0.3,2.5,2,0,0,2,2,2,2,RNA polymerase sigma factor [Bacillus phage Chotacabras],phage
AMO25911.1,-,Sigma70_r4,PF04545.17,3.2e-9,30.1,0,6.2e-9,29.2,0,1.5,1,0,0,1,1,1,1,RNA polymerase sigma-70 factor sigma-B/F/G subfamily [Bacillus phage Deep Blue],phage
AMO25912.1,-,Sigma70_r4,PF04545.17,4.2e-9,29.7,0.1,8.8e-9,28.7,0.1,1.6,1,0,0,1,1,1,1,RNA polymerase sigma-70 factor sigma-B/F/G subfamily [Bacillus phage Deep Blue],phage
AMW62796.1,-,Sigma70_r4,PF04545.17,3e-13,43.3,0.1,8.8e-9,29,0,2.7,3,0,0,3,3,3,2,sigma factor [Bacillus phage DIGNKC],phage
ANT41264.1,-,Sigma70_r4,PF04545.17,1.1e-11,38.4,0.6,1.7e-9,31.3,0.1,2.7,3,0,0,3,3,3,2,sigma factor [Bacillus phage DirtyBetty],phage
AMB18752.1,-,Sigma70_r4,PF04545.17,1.6e-19,63.1,4.6,9.6e-17,54.2,0.2,3,3,0,0,3,3,3,2,sporulation sigma factor SigF [Bacillus phage Eldridge],phage
AMB18751.1,-,Sigma70_r4,PF04545.17,2.9e-16,52.7,0.2,2.9e-16,52.7,0.2,3.5,4,1,1,5,5,5,1,RNA polymerase sigma factor [Bacillus phage Eldridge],phage
AHZ09937.1,-,Sigma70_r4,PF04545.17,6.5e-10,32.7,0.1,7.6e-8,26,0,3.1,3,0,0,3,3,3,1,RNA polymerase sigma factor [Bacillus phage Evoli],phage
ALA46534.1,-,Sigma70_r4,PF04545.17,1.1e-11,38.4,0.6,1.7e-9,31.3,0.1,2.7,3,0,0,3,3,3,2,SigF-like RNA polymerase sigma factor [Bacillus phage Eyuki],phage
ABA42728.1,-,Sigma70_r4,PF04545.17,3.3e-8,24.8,0,1e-6,19.9,0,2.5,2,0,0,2,2,2,1,sigma70 factor [Bacillus phage Fah],phage
ARQ95128.1,-,Sigma70_r4,PF04545.17,6.3e-13,42.3,0.6,1.4e-11,38,0.2,2.5,2,0,0,2,2,2,2,SigF-like RNA polymerase sigma factor [Bacillus phage Flapjack],phage
ABC40488.1,-,Sigma70_r4,PF04545.17,3.4e-8,24.8,0,1.1e-6,19.9,0,2.5,2,0,0,2,2,2,1,putative RNA polymerase sigma subunit [Bacillus phage Gamma isolate d'Herelle],phage
AGY47431.1,-,Sigma70_r4,PF04545.17,1.5e-18,60.1,1.9,4.4e-17,55.4,0.7,2.5,2,0,0,2,2,2,2,RNA polymerase sigma-70 factor [Bacillus phage Grass],phage
AHZ10241.1,-,Sigma70_r4,PF04545.17,4.8e-11,36.3,0.2,1.1e-8,28.8,0.1,2.7,2,0,0,2,2,2,2,sigF-like RNA polymerase sigma factor [Bacillus phage Hakuna],phage
AXQ66957.1,-,Sigma70_r4,PF04545.17,2.3e-8,27.5,0,5e-8,26.5,0,1.6,1,0,0,1,1,1,1,RNA polymerase sigma factor [Bacillus phage Hobo],phage
AUV57859.1,-,Sigma70_r4,PF04545.17,2.9e-13,43.4,0.1,8.6e-9,29,0,2.7,3,0,0,3,3,3,2,SigF-like RNA polymerase sigma factor [Bacillus phage HonestAbe],phage
AHZ10517.1,-,Sigma70_r4,PF04545.17,9.2e-10,32.1,0,9.4e-8,25.6,0,3,3,0,0,3,3,3,2,RNA polymerase sigma factor [Bacillus phage Hoody T],phage
ASR79696.1,-,Sigma70_r4,PF04545.17,1.4e-9,31.5,0,9.9e-8,25.6,0,2.9,3,0,0,3,3,3,2,RNA polymerase sigma factor [Bacillus phage Janet],phage
AID17799.1,-,Sigma70_r4,PF04545.17,7.6e-9,28.7,0.5,1.5e-8,27.8,0.5,1.5,1,0,0,1,1,1,1,putative RNA polymerase sigma factor G [Bacillus phage JBP901],phage
AID17798.1,-,Sigma70_r4,PF04545.17,1.9e-7,24.3,0,4.4e-7,23.1,0,1.7,1,0,0,1,1,1,1,putative RNA polymerase sigma-70 factor [Bacillus phage JBP901],phage
AMW61625.1,-,Sigma70_r4,PF04545.17,1.3e-11,38.1,0.1,1.1e-10,35.1,0,2.3,2,0,0,2,2,2,1,sigma factor [Bacillus phage Juglone],phage
AXQ67115.1,-,Sigma70_r4,PF04545.17,6.5e-10,32.7,0.1,7.5e-8,26,0,3.1,3,0,0,3,3,3,1,RNA polymerase [Bacillus phage Kamfam],phage
ANU79852.1,-,Sigma70_r4,PF04545.17,5.1e-11,36.3,0.2,9.9e-9,28.9,0.1,2.5,2,0,0,2,2,2,2,sigma factor [Bacillus phage Kida],phage
AXQ67819.1,-,Sigma70_r4,PF04545.17,2.4e-8,27.5,0,5e-8,26.5,0,1.6,1,0,0,1,1,1,1,RNA polymerase sigma factor [Bacillus phage Kioshi],phage
AIW03238.1,-,Sigma70_r4,PF04545.17,5.5e-19,61.4,2.2,3.3e-15,49.4,0.9,4,3,1,0,3,3,3,3,RNA polymerase sigma factor [Bacillus phage Mater],phage
AHZ10802.1,-,Sigma70_r4,PF04545.17,1.1e-11,38.4,0.4,1.7e-9,31.3,0.1,2.6,3,0,0,3,3,3,2,RNA polymerase sigma factor [Bacillus phage Megatron],phage
AIW03563.1,-,Sigma70_r4,PF04545.17,6e-20,64.5,5.2,5.4e-17,55,1.6,3.4,3,0,0,3,3,3,2,RNA polymerase sigma factor [Bacillus phage Moonbeam],phage
AIW03562.1,-,Sigma70_r4,PF04545.17,3.5e-18,58.8,1.6,6.4e-17,54.8,0.5,3.3,4,0,0,4,4,4,1,RNA polymerase sigma factor [Bacillus phage Moonbeam],phage
AMW63747.1,-,Sigma70_r4,PF04545.17,1.5e-12,41.1,0.3,1.7e-9,31.3,0.1,2.6,3,0,0,3,3,3,2,sigma factor [Bacillus phage Nemo],phage
AMW61377.1,-,Sigma70_r4,PF04545.17,1.1e-11,38.4,0.5,1.7e-9,31.3,0.1,2.7,3,0,0,3,3,3,2,sigma factor [Bacillus phage Nigalana],phage
AMW63445.1,-,Sigma70_r4,PF04545.17,4.9e-11,36.3,0.2,9.6e-9,28.9,0.1,2.5,2,0,0,2,2,2,2,sigma factor [Bacillus phage NotTheCreek],phage
AXQ67439.1,-,Sigma70_r4,PF04545.17,1.1e-11,38.4,0.4,1.7e-9,31.3,0.1,2.6,3,0,0,3,3,3,2,RNA polymerase sigma factor [Bacillus phage OmnioDeoPrimus],phage
ASR79669.1,-,Sigma70_r4,PF04545.17,6.4e-10,32.7,0.1,7.5e-8,26,0,3.1,3,0,0,3,3,3,1,RNA polymerase sigma factor [Bacillus phage OTooleKemple52],phage
ALA07697.1,-,Sigma70_r4,PF04545.17,7e-16,51.4,0.6,7e-16,51.4,0.6,2.3,3,0,0,3,3,3,1,putative RNA polymerase sigma 28 subunit SigF [Bacillus phage PBC6],phage
ALA07698.1,-,Sigma70_r4,PF04545.17,1.6e-10,34.2,0.2,3.7e-10,33,0.2,1.7,1,0,0,1,1,1,1,putative RNA polymerase sigma 28 subunit SigG [Bacillus phage PBC6],phage
ANT40183.1,-,Sigma70_r4,PF04545.17,2.9e-7,22.1,0.5,9.8e-6,17.2,0,3.3,4,0,0,4,4,4,1,putative RNA polymerase sigma subunit [Bacillus phage PfEFR-4],phage
ANT40413.1,-,Sigma70_r4,PF04545.17,2.9e-7,22.1,0.5,9.9e-6,17.2,0,3.3,4,0,0,4,4,4,1,putative RNA polymerase sigma subunit [Bacillus phage PfEFR-5],phage
ALN97362.1,-,Sigma70_r4,PF04545.17,4.5e-7,21.4,0.2,8.8e-7,20.5,0.2,1.5,1,0,0,1,1,1,1,sigma-70 [Bacillus phage phi4I1],phage
AGB62713.1,-,Sigma70_r4,PF04545.17,7.5e-12,38.4,1.1,4.7e-10,32.6,0.4,2.3,2,0,0,2,2,2,2,putative RNA polymerase sigma factor SigF 2 [Bacillus phage phiAGATE],phage
AGB62714.1,-,Sigma70_r4,PF04545.17,1.9e-9,30.7,0.2,4.7e-9,29.4,0.1,1.7,2,0,0,2,2,2,1,putative RNA polymerase sigma factor SigF 1 [Bacillus phage phiAGATE],phage
AGV99468.1,-,Sigma70_r4,PF04545.17,3.1e-7,21.8,0.1,6.4e-7,20.8,0.1,1.5,1,0,0,1,1,1,1,RNA polymerase sigma factor [Bacillus phage phiCM3],phage
BAN59653.1,-,Sigma70_r4,PF04545.17,2.5e-18,59.2,2.4,2e-17,56.3,0.6,2.4,2,0,0,2,2,2,2,putative sigma factor [Bacillus phage phiNIT1],phage
QDH49502.1,-,Sigma70_r4,PF04545.17,5e-11,36.3,0.2,9.7e-9,28.9,0.1,2.5,2,0,0,2,2,2,2,sigma factor [Bacillus phage Phireball],phage
AEV89274.1,-,Sigma70_r4,PF04545.17,7.8e-8,23.6,0.1,1.4e-7,22.7,0.1,1.4,1,0,0,1,1,1,1,RNA-polymerase sigma-factor [Bacillus phage phIS3501],phage
AMW62240.1,-,Sigma70_r4,PF04545.17,1.3e-11,38.1,0.1,1.1e-10,35.1,0,2.3,2,0,0,2,2,2,1,sigma factor [Bacillus phage Phrodo],phage
ANY29316.1,-,Sigma70_r4,PF04545.17,1.1e-9,31.6,0.7,2.4e-9,30.5,0.7,1.6,1,0,0,1,1,1,1,putative RNA polymerase sigma factor G [Bacillus phage PK16],phage
ANY29315.1,-,Sigma70_r4,PF04545.17,5.9e-8,26.1,0,1.3e-7,25,0,1.6,1,0,0,1,1,1,1,putative RNA polymerase sigma-70 factor [Bacillus phage PK16],phage
ASR78475.1,-,Sigma70_r4,PF04545.17,5.9e-11,36,0.2,1.1e-8,28.8,0.1,2.5,2,0,0,2,2,2,2,RNA polymerase sigma factor [Bacillus phage PPIsBest],phage
AOZ62117.1,-,Sigma70_r4,PF04545.17,2.7e-16,53.1,1.7,5.6e-16,52,1.7,1.6,1,0,0,1,1,1,1,RNA polymerase sigma 28 subunit [Bacillus phage QCM8],phage
AIF72077.1,-,Sigma70_r4,PF04545.17,1.3e-11,38.1,0.1,1.1e-10,35.1,0,2.3,2,0,0,2,2,2,1,sigF-like RNA polymerase [Bacillus phage Riley],phage
AXF41881.1,-,Sigma70_r4,PF04545.17,2.6e-13,43.1,0.1,7e-9,28.9,0,2.7,3,0,0,3,3,3,2,RNA polymerase sigma factor [Bacillus phage Saddex],phage
AMW63146.1,-,Sigma70_r4,PF04545.17,5.9e-11,36,0.2,1.1e-8,28.8,0.1,2.5,2,0,0,2,2,2,2,sigma factor [Bacillus phage SageFayge],phage
ANH50776.1,-,Sigma70_r4,PF04545.17,2.5e-10,34,0.8,1.2e-8,28.6,0.1,2.6,3,0,0,3,3,3,2,SigF-like RNA polymerase sigma factor [Bacillus phage SalinJah],phage
AOZ62476.1,-,Sigma70_r4,PF04545.17,3e-13,43.4,0.1,9e-9,29,0,2.7,3,0,0,3,3,3,2,RNA polymerase sigma factor [Bacillus phage SBP8a],phage
AGY48388.1,-,Sigma70_r4,PF04545.17,8.6e-8,24.5,0,3.7e-7,22.5,0,2.1,2,0,0,2,2,2,1,RNA polymerase sigma factor [Bacillus phage Slash],phage
AGY48356.1,-,Sigma70_r4,PF04545.17,9.2e-7,21.2,1.4,1.9e-6,20.2,1.4,1.6,1,0,0,1,1,1,1,RNA polymerase sigma factor SigB [Bacillus phage Slash],phage
ANI24840.1,-,Sigma70_r4,PF04545.17,1.1e-11,38.4,0.6,1.7e-9,31.3,0.1,2.7,3,0,0,3,3,3,2,RNA polymerase sigma factor [Bacillus phage Smudge],phage
BAK52932.1,-,Sigma70_r4,PF04545.17,8.2e-8,25.6,0.2,2.4e-7,24.1,0.2,1.9,1,0,0,1,1,1,1,RNA polymerase sigma factor [Bacillus phage SP-10],phage
AGY48597.1,-,Sigma70_r4,PF04545.17,6.2e-13,42.3,0.6,1.4e-11,38,0.2,2.5,2,0,0,2,2,2,2,RNA polymerase sigma factor [Bacillus phage Spock],phage
AKA61526.1,-,Sigma70_r4,PF04545.17,2.4e-7,23,0.2,1.4e-6,20.7,0,2.3,2,0,0,2,2,2,1,RNA polymerase sigma factor [Bacillus phage Stahl],phage
AKA61495.1,-,Sigma70_r4,PF04545.17,8.7e-7,21.3,1.4,1.9e-6,20.2,1.4,1.6,1,0,0,1,1,1,1,RNA polymerase sigma factor [Bacillus phage Stahl],phage
AGY48783.1,-,Sigma70_r4,PF04545.17,2.7e-7,23,0.2,1.4e-6,20.7,0,2.3,2,0,0,2,2,2,1,RNA polymerase sigma 70 factor [Bacillus phage Staley],phage
AGY48752.1,-,Sigma70_r4,PF04545.17,9.4e-7,21.2,1.4,2e-6,20.2,1.4,1.6,1,0,0,1,1,1,1,RNA polymerase sigma factor [Bacillus phage Staley],phage
AKC02726.1,-,Sigma70_r4,PF04545.17,1.2e-9,30.5,0.2,3.1e-8,25.9,0.1,2.8,2,0,0,2,2,2,1,RNA polymerase sigma factor [Bacillus phage Stills],phage
AKC02694.1,-,Sigma70_r4,PF04545.17,4.9e-8,25.3,0,1.1e-7,24.1,0,1.6,1,0,0,1,1,1,1,RNA polymerase sigma factor [Bacillus phage Stills],phage
ASZ75934.1,-,Sigma70_r4,PF04545.17,1.3e-11,38.1,0.1,1.1e-10,35.1,0,2.3,2,0,0,2,2,2,1,SigF-like RNA polymerase sigma factor [Bacillus phage Taffo16],phage
QLF85884.1,-,Sigma70_r4,PF04545.17,2.5e-13,43.1,0.1,6.7e-9,28.9,0,2.7,3,0,0,3,3,3,2,RNA polymerase sigma factor [Bacillus phage Tomato],phage
AGT13480.1,-,Sigma70_r4,PF04545.17,1.3e-11,38.1,0.1,1.1e-10,35.1,0,2.3,2,0,0,2,2,2,1,RNA polymerase,phage
ALA13223.1,-,Sigma70_r4,PF04545.17,2.8e-16,52.8,1.8,7.1e-16,51.5,0.9,2.2,2,0,0,2,2,2,1,RNA polymerase sigma factor [Bacillus phage TsarBomba],phage
ALA13222.1,-,Sigma70_r4,PF04545.17,1.8e-10,34.2,0.1,4.5e-10,32.9,0.1,1.7,1,0,0,1,1,1,1,RNA polymerase sigma factor [Bacillus phage TsarBomba],phage
AFQ96418.1,-,Sigma70_r4,PF04545.17,2.6e-9,30.5,0.4,5.9e-9,29.3,0.4,1.7,1,0,0,1,1,1,1,putative RNA polymerase sigma factor G [Bacillus phage vB_BceM_Bc431v3],phage
AFQ96417.1,-,Sigma70_r4,PF04545.17,3.3e-9,30.1,0,6.7e-9,29.1,0,1.6,1,0,0,1,1,1,1,RNA polymerase sigma-70 factor,phage
ALV83472.1,-,Sigma70_r4,PF04545.17,2.8e-7,22.1,0.3,1e-5,17.1,0,3.3,4,0,0,4,4,4,1,DNA-directed RNA polymerase sigma-70 factor [Bacillus phage vB_BceS-MY192],phage
QDP42942.1,-,Sigma70_r4,PF04545.17,2.8e-21,68.8,5.1,5.8e-16,51.8,1.1,3.2,4,0,0,4,4,4,2,RNA polymerase sigma factor [Bacillus phage vB_BmeM-Goe8],phage
QDP42999.1,-,Sigma70_r4,PF04545.17,2.7e-16,52.9,0.8,8.2e-16,51.3,0.5,2,2,0,0,2,2,2,1,RNA polymerase sigma factor [Bacillus phage vB_BmeM-Goe8],phage
QEG13663.1,-,Sigma70_r4,PF04545.17,2.7e-16,52.8,1.8,7.2e-16,51.5,0.9,2.3,2,0,0,2,2,2,1,putative RNA polymerase sigma factor [Bacillus phage vB_BspM_MarvelLand],phage
QEG13664.1,-,Sigma70_r4,PF04545.17,3.6e-10,33.2,0.9,6.9e-10,32.3,0.2,1.9,2,0,0,2,2,2,1,putative RNA polymerase sigma 28 subunit SigG [Bacillus phage vB_BspM_MarvelLand],phage
QMV48586.1,-,Sigma70_r4,PF04545.17,1.4e-6,21.6,0,2.5e-6,20.8,0,1.5,1,0,0,1,1,1,1,putative RNA polymerase sigma-70-like protein [Bacillus phage vB_BsuM-Goe10],phage
APZ82618.1,-,Sigma70_r4,PF04545.17,7.9e-14,44.9,1.4,4e-8,26.7,0.1,2.9,2,0,0,2,2,2,2,RNA polymerase sigma factor [Bacillus phage vB_BsuM-Goe3],phage
AZF89309.1,-,Sigma70_r4,PF04545.17,1.8e-9,31.1,0,9.5e-8,25.6,0,2.8,3,0,0,3,3,3,2,RNA polymerase sigma factor [Bacillus phage vB_BthM-Goe5],phage
QDP43184.1,-,Sigma70_r4,PF04545.17,8.5e-14,44.9,1.4,4.1e-8,26.7,0.1,2.9,2,0,0,2,2,2,2,putative RNA polymerase sigma-70 [Bacillus phage vB_BveM-Goe7],phage
AMW61966.1,-,Sigma70_r4,PF04545.17,1e-9,32.1,0,1e-7,25.6,0,3,3,0,0,3,3,3,2,sigma factor [Bacillus phage Vinny],phage
ADH03291.1,-,Sigma70_r4,PF04545.17,3.8e-10,33.3,2.5,1.2e-9,31.7,0.2,2.7,3,0,0,3,3,3,1,gp145 [Bacillus phage W.Ph.],phage
ASR79140.1,-,Sigma70_r4,PF04545.17,1.1e-11,38.4,0.6,1.7e-9,31.3,0.1,2.7,3,0,0,3,3,3,2,RNA polymerase sigma factor [Bacillus phage Zainny],phage
AMW62487.1,-,Sigma70_r4,PF04545.17,3e-13,43.4,0.1,8.9e-9,29,0,2.7,3,0,0,3,3,3,2,sigma factor [Bacillus phage Zuko],phage
AGY46846.1,-,Sigma70_r4,PF04545.17,5.8e-11,34.2,0,1e-10,33.4,0,1.4,1,0,0,1,1,1,1,RNA polymerase sigma-70 factor [Bacillus virus Blastoid],phage
ALO79609.1,-,Sigma70_r4,PF04545.17,2.3e-8,27.5,0,5.1e-8,26.5,0,1.6,1,0,0,1,1,1,1,sigma70 protein [Bacillus virus BM15],phage
AGE60807.1,-,Sigma70_r4,PF04545.17,5.5e-11,34.2,0,9.8e-11,33.4,0,1.5,1,0,0,1,1,1,1,RNA polymerase sigma-70 factor [Bacillus virus Eoghan],phage
AGE60961.1,-,Sigma70_r4,PF04545.17,5.5e-11,34.2,0,9.8e-11,33.4,0,1.5,1,0,0,1,1,1,1,RNA polymerase sigma-70 factor [Bacillus virus Taylor],phage
ABC40436.1,-,Sigma70_r4,PF04545.17,3.4e-8,24.8,0,1.1e-6,19.9,0,2.5,2,0,0,2,2,2,1,putative RNA polymerase sigma subunit [Bacillus virus Wbeta],phage
AAL96802.1,-,Sigma70_r4,PF04545.17,1.6e-10,32.1,0.7,2.5e-10,31.5,0.7,1.3,1,0,0,1,1,1,1,putative sigma factor [Clostridium phage phi3626],phage
ADL40362.1,-,Sigma70_r4,PF04545.17,1.5e-11,36.2,0.1,2.3e-11,35.6,0.1,1.3,1,0,0,1,1,1,1,putative RNA polymerase sigma factor [Clostridium phage phiCTP1],phage
AGH27928.1,-,Sigma70_r4,PF04545.17,5e-13,40.2,0.1,8.8e-13,39.4,0.1,1.4,1,0,0,1,1,1,1,putative sporulation sigma factor [Clostridium phage vB_CpeS-CP51],phage
