QFG05192.1,-,Sigma70_r2,PF04542.15,2.6e-07,22.9,0.0,5.7e-07,21.8,0.0,1.5,1,0,0,1,1,1,1,RNA polymerase sigma factor [Bacillus phage 019DV002]
QFG05277.1,-,Sigma70_r2,PF04542.15,2.6e-07,22.9,0.0,5.7e-07,21.8,0.0,1.5,1,0,0,1,1,1,1,RNA polymerase sigma factor [Bacillus phage 019DV004]
QFR56516.1,-,Sigma70_r2,PF04542.15,2.4e-07,23.0,0.0,5.7e-07,21.7,0.0,1.5,1,0,0,1,1,1,1,RNA polymerase sigma factor [Bacillus phage 056SW001B]
QFG05890.1,-,Sigma70_r2,PF04542.15,2.5e-07,22.9,0.0,5.5e-07,21.8,0.0,1.5,1,0,0,1,1,1,1,RNA polymerase sigma factor [Bacillus phage 276BB001]
QFG05971.1,-,Sigma70_r2,PF04542.15,2.5e-07,22.9,0.0,5.5e-07,21.8,0.0,1.5,1,0,0,1,1,1,1,RNA polymerase sigma factor [Bacillus phage 280BB001]
ASR78944.1,-,Sigma70_r2,PF04542.15,8.5e-10,32.6,0.0,3.1e-09,30.8,0.0,2.0,1,0,0,1,1,1,1,RNA polymerase sigma factor [Bacillus phage AaronPhadgers]
QDH50209.1,-,Sigma70_r2,PF04542.15,1.2e-08,28.9,0.0,4e-08,27.2,0.0,2.0,2,0,0,2,2,2,1,sigma factor [Bacillus phage ALPS]
ASU01064.1,-,Sigma70_r2,PF04542.15,1e-11,38.6,0.0,2.6e-11,37.3,0.0,1.7,1,0,0,1,1,1,1,RNA polymerase sigma factor [Bacillus phage Anthony]
AZF88386.1,-,Sigma70_r2,PF04542.15,2.2e-14,44.9,0.0,5.2e-14,43.8,0.0,1.7,1,0,0,1,1,1,1,putative RNA polymerase sigma subunit [Bacillus phage AP631]
ALA13372.1,-,Sigma70_r2,PF04542.15,2.1e-10,34.6,0.0,3.8e-10,33.7,0.0,1.4,1,0,0,1,1,1,1,SigF-like RNA polymerase sigma factor [Bacillus phage AvesoBmore]
AEZ65936.1,-,Sigma70_r2,PF04542.15,2.8e-12,40.4,0.0,5.6e-12,39.5,0.0,1.5,1,0,0,1,1,1,1,sporulation sigma factor SigF-like protein [Bacillus phage B4]
AEW47372.1,-,Sigma70_r2,PF04542.15,2.7e-12,40.4,0.0,5.5e-12,39.5,0.0,1.5,1,0,0,1,1,1,1,putative RNA polymerase sigma 28 subunit SigF [Bacillus phage B5S]
AEQ34342.1,-,Sigma70_r2,PF04542.15,1e-11,38.6,0.0,2.6e-11,37.3,0.0,1.7,1,0,0,1,1,1,1,RNA polymerase sigma-F factor [Bacillus phage Bastille]
QEG04257.1,-,Sigma70_r2,PF04542.15,1.3e-16,54.1,0.0,2.1e-16,53.4,0.0,1.3,1,0,0,1,1,1,1,RNA polymerase sigma factor [Bacillus phage BC-T25]
QEG04258.1,-,Sigma70_r2,PF04542.15,7.5e-14,45.2,0.0,2.8e-13,43.4,0.0,1.9,2,0,0,2,2,2,1,putative RNA polymerase sigma 28 subunit [Bacillus phage BC-T25]
AXU41213.1,-,Sigma70_r2,PF04542.15,8.3e-16,51.5,0.0,1.5e-15,50.7,0.0,1.5,1,0,0,1,1,1,1,RNA polymerase sigma factor [Bacillus phage BC01]
AXU41211.1,-,Sigma70_r2,PF04542.15,4.1e-14,46.1,0.0,8.7e-14,45.1,0.0,1.6,1,0,0,1,1,1,1,RNA polymerase sigma factor [Bacillus phage BC01]
CCE73875.1,-,Sigma70_r2,PF04542.15,1e-08,26.9,0.0,1.9e-08,26.1,0.0,1.4,1,0,0,1,1,1,1,sigma70, RNA polymerase sigma factor [Bacillus phage BceA1]
AUM58961.1,-,Sigma70_r2,PF04542.15,1.2e-19,63.7,0.1,2.7e-19,62.6,0.1,1.6,1,0,0,1,1,1,1,DNA replication/modification protein [Bacillus phage BCP01]
AUM58962.1,-,Sigma70_r2,PF04542.15,1.8e-13,44.0,0.0,3.7e-13,43.0,0.0,1.5,1,0,0,1,1,1,1,DNA replication/modification protein [Bacillus phage BCP01]
AHN66674.1,-,Sigma70_r2,PF04542.15,6.2e-18,58.3,0.2,3e-17,56.1,0.0,2.1,2,0,0,2,2,2,1,RNA polymerase sigma-70 factor, sigma-B/F/G subfamily [Bacillus phage Bcp1]
AHN66675.1,-,Sigma70_r2,PF04542.15,6e-12,39.1,0.0,1.4e-11,37.9,0.0,1.7,1,0,0,1,1,1,1,RNA polymerase sigma-70 factor, sigma-B/F/G subfamily [Bacillus phage Bcp1]
AQN32487.1,-,Sigma70_r2,PF04542.15,5.1e-16,52.2,0.0,9e-16,51.4,0.0,1.4,1,0,0,1,1,1,1,RNA polymerase sporulation specific sigma factor SigG [Bacillus phage BCP12]
AQN32486.1,-,Sigma70_r2,PF04542.15,5.2e-12,39.3,0.0,1.4e-11,38.0,0.0,1.7,1,0,0,1,1,1,1,RNA polymerase sporulation specific sigma factor SigF [Bacillus phage BCP12]
AEW47116.1,-,Sigma70_r2,PF04542.15,5e-16,52.2,0.0,8.9e-16,51.4,0.0,1.4,1,0,0,1,1,1,1,putative RNA polymerase sigma 28 subunit SigG [Bacillus phage BCP78]
AEW47115.1,-,Sigma70_r2,PF04542.15,5.1e-12,39.3,0.0,1.3e-11,38.0,0.0,1.7,1,0,0,1,1,1,1,putative RNA polymerase sigma 28 subunit SigF [Bacillus phage BCP78]
AHJ87164.1,-,Sigma70_r2,PF04542.15,1.2e-19,63.7,0.1,2.6e-19,62.6,0.1,1.6,1,0,0,1,1,1,1,putative RNA polymerase sigma factor G [Bacillus phage BCP8-2]
AHJ87163.1,-,Sigma70_r2,PF04542.15,5.6e-13,42.4,0.0,1.3e-12,41.2,0.0,1.6,1,0,0,1,1,1,1,putative RNA polymerase sigma-70 factor, sigma-B/F/G subfamily [Bacillus phage BCP8-2]
AEW47605.1,-,Sigma70_r2,PF04542.15,4.9e-16,52.2,0.0,8.7e-16,51.4,0.0,1.4,1,0,0,1,1,1,1,putative RNA polymerase sigma 28 subunit SigG [Bacillus phage BCU4]
AEW47604.1,-,Sigma70_r2,PF04542.15,5e-12,39.3,0.0,1.3e-11,38.0,0.0,1.7,1,0,0,1,1,1,1,putative RNA polymerase sigma 28 subunit SigF [Bacillus phage BCU4]
ANM46154.1,-,Sigma70_r2,PF04542.15,8.9e-10,32.5,0.0,2.9e-09,30.9,0.0,1.9,1,0,0,1,1,1,1,RNA polymerase sigma factor [Bacillus phage Belinda]
QDH49898.1,-,Sigma70_r2,PF04542.15,5.8e-13,42.7,0.0,9.6e-13,42.0,0.0,1.4,1,0,0,1,1,1,1,sigma factor [Bacillus phage Beyonphe]
AGY46709.1,-,Sigma70_r2,PF04542.15,2e-10,34.6,0.0,3.7e-10,33.7,0.0,1.5,1,0,0,1,1,1,1,RNA polymerase sigma factor [Bacillus phage BigBertha]
AOZ61848.1,-,Sigma70_r2,PF04542.15,9.9e-10,32.4,0.1,2.9e-09,30.9,0.0,1.9,2,0,0,2,2,2,1,RNA polymerase sigma factor [Bacillus phage BJ4]
ALP46687.1,-,Sigma70_r2,PF04542.15,1.5e-11,37.8,0.0,8.6e-11,35.4,0.0,1.9,1,1,1,2,2,2,1,RNA polymerase sigma-G factor [Bacillus phage BM5]
AII27989.1,-,Sigma70_r2,PF04542.15,1.5e-10,34.7,0.0,3.1e-10,33.7,0.0,1.5,1,0,0,1,1,1,1,RNA polymerase sigma factor [Bacillus phage Bobb]
AII27990.1,-,Sigma70_r2,PF04542.15,2.9e-10,33.8,0.0,4.7e-10,33.1,0.0,1.4,1,0,0,1,1,1,1,RNA polymerase sigma factor [Bacillus phage Bobb]
AHJ87469.1,-,Sigma70_r2,PF04542.15,1.3e-10,34.7,0.0,5.6e-10,32.7,0.0,2.1,2,0,0,2,2,2,1,putative RNA polymerase sigma factor SigF 2 [Bacillus phage Bp8p-C]
AHJ87470.1,-,Sigma70_r2,PF04542.15,3.5e-10,33.3,0.0,6e-10,32.6,0.0,1.4,1,0,0,1,1,1,1,putative RNA polymerase sigma factor SigF 1 [Bacillus phage Bp8p-C]
AHJ87680.1,-,Sigma70_r2,PF04542.15,1.3e-10,34.7,0.0,5.6e-10,32.7,0.0,2.1,2,0,0,2,2,2,1,putative RNA polymerase sigma factor SigF 2 [Bacillus phage Bp8p-T]
AHJ87681.1,-,Sigma70_r2,PF04542.15,3.5e-10,33.3,0.0,6e-10,32.6,0.0,1.4,1,0,0,1,1,1,1,putative RNA polymerase sigma factor SigF 1 [Bacillus phage Bp8p-T]
AGI12133.1,-,Sigma70_r2,PF04542.15,5.5e-10,33.0,0.0,1.3e-09,31.9,0.0,1.7,1,0,0,1,1,1,1,putative RNA polymerase sigma factor [Bacillus phage BPS10C]
AEZ50316.1,-,Sigma70_r2,PF04542.15,1.9e-10,34.5,0.0,4.5e-10,33.3,0.0,1.7,1,0,0,1,1,1,1,putative RNA polymerase sigma factor [Bacillus phage BPS13]
AUO79472.1,-,Sigma70_r2,PF04542.15,3.4e-17,56.0,0.0,6.7e-17,55.0,0.0,1.5,1,0,0,1,1,1,1,RNA polymerase sigma factor 2 [Bacillus phage BSP10]
AXH71210.1,-,Sigma70_r2,PF04542.15,1.1e-09,32.0,1.0,3.8e-09,30.3,0.0,2.4,4,0,0,4,4,4,1,putative RNA polymerase sigma factor 2 [Bacillus phage BSP38]
ATN94413.1,-,Sigma70_r2,PF04542.15,3.2e-17,56.0,0.0,6.5e-17,55.0,0.0,1.5,1,0,0,1,1,1,1,RNA polymerase sigma 70 factor [Bacillus phage BSP9]
AFL46426.1,-,Sigma70_r2,PF04542.15,9.3e-09,26.9,0.0,1.7e-08,26.1,0.0,1.4,1,0,0,1,1,1,1,RNA polymerase sigma factor [Bacillus phage BtCS33]
AUO78602.1,-,Sigma70_r2,PF04542.15,1e-08,26.9,0.0,1.9e-08,26.1,0.0,1.4,1,0,0,1,1,1,1,sigma-70 [Bacillus phage BtiUFT6.51-F]
ASR78776.1,-,Sigma70_r2,PF04542.15,4.8e-10,33.4,0.1,1.2e-09,32.1,0.0,1.7,2,0,0,2,2,2,1,RNA polymerase sigma factor [Bacillus phage Bubs]
AHZ09647.1,-,Sigma70_r2,PF04542.15,1.1e-11,38.6,0.0,2.7e-11,37.3,0.0,1.7,1,0,0,1,1,1,1,RNA polymerase sigma factor [Bacillus phage CAM003]
AGY46934.1,-,Sigma70_r2,PF04542.15,3.4e-11,36.7,0.4,8.1e-11,35.5,0.1,1.7,2,0,0,2,2,2,1,RNA polymerase sigma factor [Bacillus phage CampHawk]
AGY47036.1,-,Sigma70_r2,PF04542.15,9.9e-07,22.4,0.0,2e-06,21.4,0.0,1.5,1,0,0,1,1,1,1,RNA polymerase sigma factor [Bacillus phage CampHawk]
ARW58529.1,-,Sigma70_r2,PF04542.15,8.8e-14,43.0,0.0,2.1e-13,41.8,0.0,1.7,1,0,0,1,1,1,1,RNA polymerase sporulation specific sigma factor [Bacillus phage Carmel_SA]
ABA46386.1,-,Sigma70_r2,PF04542.15,3.4e-13,41.0,0.0,7.6e-13,39.9,0.0,1.6,1,0,0,1,1,1,1,RNA polymerase sigma factor, putative [Bacillus phage Cherry]
QEM43258.1,-,Sigma70_r2,PF04542.15,1.9e-13,44.2,0.0,4e-13,43.2,0.0,1.5,1,0,0,1,1,1,1,RNA polymerase sigma factor [Bacillus phage Chotacabras]
AID50653.1,-,Sigma70_r2,PF04542.15,4.3e-12,39.5,0.0,7.5e-12,38.7,0.0,1.4,1,0,0,1,1,1,1,hypothetical protein [Bacillus phage CP-51]
AID50508.1,-,Sigma70_r2,PF04542.15,2.1e-07,24.5,0.0,4.4e-07,23.5,0.0,1.5,1,0,0,1,1,1,1,putative sigma factor [Bacillus phage CP-51]
AMO25912.1,-,Sigma70_r2,PF04542.15,2.6e-19,62.7,0.1,4.3e-18,58.8,0.0,2.2,2,0,0,2,2,2,1,RNA polymerase sigma-70 factor sigma-B/F/G subfamily [Bacillus phage Deep Blue]
AMO25911.1,-,Sigma70_r2,PF04542.15,1.1e-13,44.7,0.0,1.8e-13,44.0,0.0,1.3,1,0,0,1,1,1,1,RNA polymerase sigma-70 factor sigma-B/F/G subfamily [Bacillus phage Deep Blue]
AMW62796.1,-,Sigma70_r2,PF04542.15,1e-09,32.3,0.0,3.3e-09,30.7,0.0,1.9,1,0,0,1,1,1,1,sigma factor [Bacillus phage DIGNKC]
ANT41264.1,-,Sigma70_r2,PF04542.15,3.8e-10,33.7,0.1,1.1e-09,32.3,0.0,1.8,2,0,0,2,2,2,1,sigma factor [Bacillus phage DirtyBetty]
AMB18752.1,-,Sigma70_r2,PF04542.15,1.1e-17,57.5,0.0,7.8e-17,54.8,0.0,2.2,2,0,0,2,2,2,1,sporulation sigma factor SigF [Bacillus phage Eldridge]
AMB18751.1,-,Sigma70_r2,PF04542.15,1.6e-14,47.4,0.1,6.4e-14,45.5,0.0,2.0,2,0,0,2,2,2,1,RNA polymerase sigma factor [Bacillus phage Eldridge]
AMB18711.1,-,Sigma70_r2,PF04542.15,3.8e-06,20.6,0.0,6.7e-06,19.8,0.0,1.3,1,0,0,1,1,1,1,RNA polymerase sigma factor [Bacillus phage Eldridge]
AHZ09937.1,-,Sigma70_r2,PF04542.15,1.1e-11,38.6,0.0,2.8e-11,37.3,0.0,1.7,1,0,0,1,1,1,1,RNA polymerase sigma factor [Bacillus phage Evoli]
ALA46534.1,-,Sigma70_r2,PF04542.15,3.8e-10,33.7,0.1,1.1e-09,32.3,0.0,1.8,2,0,0,2,2,2,1,SigF-like RNA polymerase sigma factor [Bacillus phage Eyuki]
ABA42728.1,-,Sigma70_r2,PF04542.15,4.3e-14,43.9,0.0,9.5e-14,42.8,0.0,1.6,1,0,0,1,1,1,1,sigma70 factor [Bacillus phage Fah]
ARQ95128.1,-,Sigma70_r2,PF04542.15,2.3e-14,47.2,0.0,4.3e-14,46.3,0.0,1.4,1,0,0,1,1,1,1,SigF-like RNA polymerase sigma factor [Bacillus phage Flapjack]
ABC40488.1,-,Sigma70_r2,PF04542.15,4.6e-14,43.9,0.0,1e-13,42.8,0.0,1.6,1,0,0,1,1,1,1,putative RNA polymerase sigma subunit [Bacillus phage Gamma isolate d'Herelle]
AGY47431.1,-,Sigma70_r2,PF04542.15,2.8e-18,59.5,0.0,5.9e-18,58.5,0.0,1.5,1,0,0,1,1,1,1,RNA polymerase sigma-70 factor [Bacillus phage Grass]
AHZ10241.1,-,Sigma70_r2,PF04542.15,1.3e-08,28.7,0.0,4.4e-08,27.1,0.0,1.9,2,0,0,2,2,2,1,sigF-like RNA polymerase sigma factor [Bacillus phage Hakuna]
AXQ66957.1,-,Sigma70_r2,PF04542.15,7.4e-18,58.2,0.2,3.5e-17,56.1,0.0,2.1,2,0,0,2,2,2,1,RNA polymerase sigma factor [Bacillus phage Hobo]
AXQ66958.1,-,Sigma70_r2,PF04542.15,7.1e-12,39.1,0.0,1.7e-11,37.9,0.0,1.7,1,0,0,1,1,1,1,RNA polymerase subunit alpha [Bacillus phage Hobo]
AUV57859.1,-,Sigma70_r2,PF04542.15,9e-10,32.4,0.0,3.2e-09,30.7,0.0,2.0,1,0,0,1,1,1,1,SigF-like RNA polymerase sigma factor [Bacillus phage HonestAbe]
AHZ10517.1,-,Sigma70_r2,PF04542.15,8.3e-12,38.9,0.0,2.2e-11,37.5,0.0,1.8,1,0,0,1,1,1,1,RNA polymerase sigma factor [Bacillus phage Hoody T]
ASR79696.1,-,Sigma70_r2,PF04542.15,8.9e-12,38.9,0.0,2.3e-11,37.5,0.0,1.7,1,0,0,1,1,1,1,RNA polymerase sigma factor [Bacillus phage Janet]
AID17799.1,-,Sigma70_r2,PF04542.15,1.1e-19,63.7,0.1,2.4e-19,62.6,0.1,1.6,1,0,0,1,1,1,1,putative RNA polymerase sigma factor G [Bacillus phage JBP901]
AID17798.1,-,Sigma70_r2,PF04542.15,5.1e-13,42.4,0.0,1.2e-12,41.2,0.0,1.6,1,0,0,1,1,1,1,putative RNA polymerase sigma-70 factor [Bacillus phage JBP901]
AGR46818.1,-,Sigma70_r2,PF04542.15,2.2e-07,24.4,0.0,4.5e-07,23.4,0.0,1.5,1,0,0,1,1,1,1,middle-gene-specific sigma factor [Bacillus phage JL]
AHB63466.1,-,Sigma70_r2,PF04542.15,3.4e-07,23.8,0.0,8.7e-07,22.5,0.0,1.6,1,0,0,1,1,1,1,hypothetical protein JL_70 [Bacillus phage JL]
AMW61625.1,-,Sigma70_r2,PF04542.15,5.7e-13,42.7,0.0,9.3e-13,42.0,0.0,1.4,1,0,0,1,1,1,1,sigma factor [Bacillus phage Juglone]
AXQ67115.1,-,Sigma70_r2,PF04542.15,1.1e-11,38.6,0.0,2.8e-11,37.3,0.0,1.7,1,0,0,1,1,1,1,RNA polymerase [Bacillus phage Kamfam]
ANU79852.1,-,Sigma70_r2,PF04542.15,1.2e-08,28.9,0.0,4.1e-08,27.2,0.0,2.0,2,0,0,2,2,2,1,sigma factor [Bacillus phage Kida]
AXQ67819.1,-,Sigma70_r2,PF04542.15,7.1e-18,58.3,0.2,3.5e-17,56.1,0.0,2.1,2,0,0,2,2,2,1,RNA polymerase sigma factor [Bacillus phage Kioshi]
AXQ67820.1,-,Sigma70_r2,PF04542.15,6.8e-12,39.1,0.0,1.7e-11,37.9,0.0,1.7,1,0,0,1,1,1,1,RNA polymerase subunit alpha [Bacillus phage Kioshi]
AIW03238.1,-,Sigma70_r2,PF04542.15,3.1e-17,56.1,0.0,7.1e-17,55.0,0.0,1.6,1,0,0,1,1,1,1,RNA polymerase sigma factor [Bacillus phage Mater]
AHZ10802.1,-,Sigma70_r2,PF04542.15,3.7e-10,33.7,0.1,1e-09,32.3,0.0,1.8,2,0,0,2,2,2,1,RNA polymerase sigma factor [Bacillus phage Megatron]
AIW03563.1,-,Sigma70_r2,PF04542.15,8.6e-17,54.7,0.0,2.6e-16,53.1,0.0,1.8,1,0,0,1,1,1,1,RNA polymerase sigma factor [Bacillus phage Moonbeam]
AIW03562.1,-,Sigma70_r2,PF04542.15,6.5e-14,45.5,0.0,1.1e-13,44.7,0.0,1.4,1,0,0,1,1,1,1,RNA polymerase sigma factor [Bacillus phage Moonbeam]
ARW58471.1,-,Sigma70_r2,PF04542.15,5.1e-14,43.8,0.0,1.2e-13,42.6,0.0,1.7,1,0,0,1,1,1,1,RNA polymerase sporulation specific sigma factor [Bacillus phage Negev_SA]
AMW63747.1,-,Sigma70_r2,PF04542.15,4.1e-10,33.6,0.1,1.1e-09,32.3,0.0,1.8,2,0,0,2,2,2,1,sigma factor [Bacillus phage Nemo]
AMW61377.1,-,Sigma70_r2,PF04542.15,6.7e-10,32.9,0.1,1.9e-09,31.5,0.0,1.8,2,0,0,2,2,2,1,sigma factor [Bacillus phage Nigalana]
AMW63445.1,-,Sigma70_r2,PF04542.15,1.2e-08,28.9,0.0,4e-08,27.2,0.0,2.0,2,0,0,2,2,2,1,sigma factor [Bacillus phage NotTheCreek]
AXQ67439.1,-,Sigma70_r2,PF04542.15,3.8e-10,33.7,0.1,1e-09,32.3,0.0,1.8,2,0,0,2,2,2,1,RNA polymerase sigma factor [Bacillus phage OmnioDeoPrimus]
ASR79669.1,-,Sigma70_r2,PF04542.15,1.1e-11,38.6,0.0,2.8e-11,37.3,0.0,1.7,1,0,0,1,1,1,1,RNA polymerase sigma factor [Bacillus phage OTooleKemple52]
AGY47966.1,-,Sigma70_r2,PF04542.15,2.3e-09,28.7,0.0,1.2e-07,23.2,0.0,2.4,2,0,0,2,2,2,2,RNA polymerase sigma-70 factor [Bacillus phage Page]
AJK28111.1,-,Sigma70_r2,PF04542.15,4.8e-10,30.9,0.1,6.1e-08,24.2,0.0,2.5,2,0,0,2,2,2,2,RNA polymerase sigma factor [Bacillus phage Palmer]
AIW03680.1,-,Sigma70_r2,PF04542.15,1.1e-09,29.8,0.1,4.4e-08,24.6,0.0,2.5,2,0,0,2,2,2,2,RNA polymerase sigma factor [Bacillus phage Pascal]
AKQ07465.1,-,Sigma70_r2,PF04542.15,1.4e-09,29.4,0.0,6.1e-08,24.2,0.0,2.5,2,0,0,2,2,2,2,RNA polymerase sigma factor [Bacillus phage Pavlov]
ALA07698.1,-,Sigma70_r2,PF04542.15,7.6e-16,51.5,0.0,1.4e-15,50.7,0.0,1.5,1,0,0,1,1,1,1,putative RNA polymerase sigma 28 subunit SigG [Bacillus phage PBC6]
ALA07697.1,-,Sigma70_r2,PF04542.15,3.8e-14,46.1,0.0,7.9e-14,45.1,0.0,1.6,1,0,0,1,1,1,1,putative RNA polymerase sigma 28 subunit SigF [Bacillus phage PBC6]
ANT40183.1,-,Sigma70_r2,PF04542.15,8.6e-13,40.1,0.0,1.8e-12,39.1,0.0,1.6,1,0,0,1,1,1,1,putative RNA polymerase sigma subunit [Bacillus phage PfEFR-4]
ANT40413.1,-,Sigma70_r2,PF04542.15,8.8e-13,40.1,0.0,1.9e-12,39.1,0.0,1.6,1,0,0,1,1,1,1,putative RNA polymerase sigma subunit [Bacillus phage PfEFR-5]
ALN97362.1,-,Sigma70_r2,PF04542.15,1e-08,26.9,0.0,1.9e-08,26.1,0.0,1.4,1,0,0,1,1,1,1,sigma-70 [Bacillus phage phi4I1]
AGB62714.1,-,Sigma70_r2,PF04542.15,1.1e-11,38.1,0.0,2.2e-11,37.2,0.0,1.5,1,0,0,1,1,1,1,putative RNA polymerase sigma factor SigF 1 [Bacillus phage phiAGATE]
AGB62713.1,-,Sigma70_r2,PF04542.15,6.3e-11,35.7,0.2,1.7e-10,34.3,0.0,1.8,2,0,0,2,2,2,1,putative RNA polymerase sigma factor SigF 2 [Bacillus phage phiAGATE]
AGV99468.1,-,Sigma70_r2,PF04542.15,7.6e-07,20.8,0.0,1.3e-06,20.1,0.0,1.3,1,0,0,1,1,1,1,RNA polymerase sigma factor [Bacillus phage phiCM3]
BAN59653.1,-,Sigma70_r2,PF04542.15,1e-16,54.3,0.0,2.2e-16,53.2,0.0,1.5,1,0,0,1,1,1,1,putative sigma factor [Bacillus phage phiNIT1]
QDH49502.1,-,Sigma70_r2,PF04542.15,1.2e-08,28.9,0.0,4e-08,27.2,0.0,2.0,2,0,0,2,2,2,1,sigma factor [Bacillus phage Phireball]
AEV89274.1,-,Sigma70_r2,PF04542.15,1.5e-08,26.2,0.0,2.5e-08,25.4,0.0,1.4,1,0,0,1,1,1,1,RNA-polymerase sigma-factor [Bacillus phage phIS3501]
AMW62240.1,-,Sigma70_r2,PF04542.15,5.6e-13,42.7,0.0,9.2e-13,42.0,0.0,1.4,1,0,0,1,1,1,1,sigma factor [Bacillus phage Phrodo]
ANY29316.1,-,Sigma70_r2,PF04542.15,1.3e-19,63.7,0.1,2.8e-19,62.6,0.1,1.6,1,0,0,1,1,1,1,putative RNA polymerase sigma factor G [Bacillus phage PK16]
ANY29315.1,-,Sigma70_r2,PF04542.15,1.9e-13,44.0,0.0,3.9e-13,43.0,0.0,1.5,1,0,0,1,1,1,1,putative RNA polymerase sigma-70 factor [Bacillus phage PK16]
AGY48284.1,-,Sigma70_r2,PF04542.15,4.7e-10,30.9,0.1,5.9e-08,24.2,0.0,2.5,2,0,0,2,2,2,2,RNA polymerase sigma-70 factor [Bacillus phage Pony]
AIW03731.1,-,Sigma70_r2,PF04542.15,4.4e-10,31.1,0.1,6.3e-08,24.2,0.0,2.5,2,0,0,2,2,2,2,RNA polymerase sigma factor [Bacillus phage Pookie]
AGY48061.1,-,Sigma70_r2,PF04542.15,1.5e-09,29.3,0.0,6.1e-08,24.2,0.0,2.5,2,0,0,2,2,2,2,RNA polymerase sigma-70 region 2 [Bacillus phage poppyseed]
ASR78475.1,-,Sigma70_r2,PF04542.15,1.4e-08,28.7,0.0,4.6e-08,27.0,0.0,1.9,2,0,0,2,2,2,1,RNA polymerase sigma factor [Bacillus phage PPIsBest]
AOZ62114.1,-,Sigma70_r2,PF04542.15,5.2e-16,52.4,0.0,1.1e-15,51.5,0.0,1.5,1,0,0,1,1,1,1,RNA polymerase sigma 28 subunit [Bacillus phage QCM8]
AOZ62117.1,-,Sigma70_r2,PF04542.15,5.3e-13,42.8,0.0,9e-11,35.7,0.0,2.4,2,0,0,2,2,2,2,RNA polymerase sigma 28 subunit [Bacillus phage QCM8]
AIF72077.1,-,Sigma70_r2,PF04542.15,5.7e-13,42.7,0.0,9.3e-13,42.0,0.0,1.4,1,0,0,1,1,1,1,sigF-like RNA polymerase [Bacillus phage Riley]
AXF41881.1,-,Sigma70_r2,PF04542.15,8.6e-10,32.1,0.0,2.6e-09,30.5,0.0,1.9,1,0,0,1,1,1,1,RNA polymerase sigma factor [Bacillus phage Saddex]
AMW63146.1,-,Sigma70_r2,PF04542.15,1.4e-08,28.7,0.0,4.6e-08,27.0,0.0,1.9,2,0,0,2,2,2,1,sigma factor [Bacillus phage SageFayge]
ANH50776.1,-,Sigma70_r2,PF04542.15,5.8e-10,33.1,0.0,1.4e-09,31.9,0.0,1.7,1,0,0,1,1,1,1,SigF-like RNA polymerase sigma factor [Bacillus phage SalinJah]
AOZ62476.1,-,Sigma70_r2,PF04542.15,9.4e-10,32.4,0.0,3e-09,30.8,0.0,1.9,1,0,0,1,1,1,1,RNA polymerase sigma factor [Bacillus phage SBP8a]
AGR46970.1,-,Sigma70_r2,PF04542.15,2.5e-12,40.3,0.0,5.8e-12,39.1,0.0,1.7,1,0,0,1,1,1,1,RNA Polymerase sigma-E factor [Bacillus phage Shanette]
AGR47041.1,-,Sigma70_r2,PF04542.15,2.1e-07,24.5,0.0,4.4e-07,23.5,0.0,1.6,1,0,0,1,1,1,1,hypothetical protein SHANETTE_147 [Bacillus phage Shanette]
AGY48388.1,-,Sigma70_r2,PF04542.15,3.4e-15,48.5,0.0,8e-15,47.3,0.0,1.6,1,0,0,1,1,1,1,RNA polymerase sigma factor [Bacillus phage Slash]
AGY48356.1,-,Sigma70_r2,PF04542.15,2.8e-07,23.1,0.0,6e-07,22.1,0.0,1.5,1,0,0,1,1,1,1,RNA polymerase sigma factor SigB [Bacillus phage Slash]
ANI24840.1,-,Sigma70_r2,PF04542.15,3.7e-10,33.7,0.1,1e-09,32.3,0.0,1.8,2,0,0,2,2,2,1,RNA polymerase sigma factor [Bacillus phage Smudge]
BAK52932.1,-,Sigma70_r2,PF04542.15,5.5e-15,48.9,0.0,1.5e-14,47.5,0.0,1.8,1,0,0,1,1,1,1,RNA polymerase sigma factor [Bacillus phage SP-10]
BAK53012.1,-,Sigma70_r2,PF04542.15,1.9e-06,21.5,0.0,3.7e-06,20.6,0.0,1.5,1,0,0,1,1,1,1,sigma factor [Bacillus phage SP-10]
BAK52995.1,-,Sigma70_r2,PF04542.15,2.3e-06,21.3,0.0,5.6e-06,20.0,0.0,1.7,1,0,0,1,1,1,1,hypothetical protein [Bacillus phage SP-10]
AGY48597.1,-,Sigma70_r2,PF04542.15,2.3e-14,47.2,0.0,4.2e-14,46.3,0.0,1.4,1,0,0,1,1,1,1,RNA polymerase sigma factor [Bacillus phage Spock]
AKA61526.1,-,Sigma70_r2,PF04542.15,1.9e-13,42.9,0.1,4.5e-13,41.7,0.1,1.6,1,0,0,1,1,1,1,RNA polymerase sigma factor [Bacillus phage Stahl]
AKA61495.1,-,Sigma70_r2,PF04542.15,3e-07,23.0,0.0,6.3e-07,22.0,0.0,1.5,1,0,0,1,1,1,1,RNA polymerase sigma factor [Bacillus phage Stahl]
AGY48783.1,-,Sigma70_r2,PF04542.15,2.1e-13,42.8,0.1,4.6e-13,41.7,0.1,1.6,1,0,0,1,1,1,1,RNA polymerase sigma 70 factor [Bacillus phage Staley]
AGY48752.1,-,Sigma70_r2,PF04542.15,2.9e-07,23.1,0.0,6.1e-07,22.1,0.0,1.5,1,0,0,1,1,1,1,RNA polymerase sigma factor [Bacillus phage Staley]
AKC02726.1,-,Sigma70_r2,PF04542.15,3.7e-14,45.2,0.0,7.8e-14,44.1,0.0,1.5,1,0,0,1,1,1,1,RNA polymerase sigma factor [Bacillus phage Stills]
AKC02694.1,-,Sigma70_r2,PF04542.15,1e-07,24.5,0.0,2.3e-07,23.4,0.0,1.6,1,0,0,1,1,1,1,RNA polymerase sigma factor [Bacillus phage Stills]
ASZ75934.1,-,Sigma70_r2,PF04542.15,5.6e-13,42.7,0.0,9.1e-13,42.0,0.0,1.4,1,0,0,1,1,1,1,SigF-like RNA polymerase sigma factor [Bacillus phage Taffo16]
ARW58411.1,-,Sigma70_r2,PF04542.15,5.7e-14,43.8,0.0,1.3e-13,42.6,0.0,1.6,1,0,0,1,1,1,1,RNA polymerase sporulation specific sigma factor [Bacillus phage Tavor_SA]
QLF85884.1,-,Sigma70_r2,PF04542.15,7.7e-10,32.2,0.0,2.3e-09,30.6,0.0,1.9,1,0,0,1,1,1,1,RNA polymerase sigma factor [Bacillus phage Tomato]
AGT13480.1,-,Sigma70_r2,PF04542.15,5.7e-13,42.7,0.0,9.3e-13,42.0,0.0,1.4,1,0,0,1,1,1,1,RNA polymerase, SigF-like [Bacillus phage Troll]
ALA13222.1,-,Sigma70_r2,PF04542.15,2.3e-17,56.6,0.1,4.1e-17,55.8,0.1,1.4,1,0,0,1,1,1,1,RNA polymerase sigma factor [Bacillus phage TsarBomba]
ALA13223.1,-,Sigma70_r2,PF04542.15,4.3e-14,46.1,0.0,9e-14,45.1,0.0,1.6,1,0,0,1,1,1,1,RNA polymerase sigma factor [Bacillus phage TsarBomba]
AFQ96418.1,-,Sigma70_r2,PF04542.15,4.5e-16,52.4,0.2,1.2e-15,51.0,0.0,1.8,2,0,0,2,2,2,1,putative RNA polymerase sigma factor G [Bacillus phage vB_BceM_Bc431v3]
AFQ96417.1,-,Sigma70_r2,PF04542.15,2.4e-12,40.5,0.0,4.5e-12,39.6,0.0,1.5,1,0,0,1,1,1,1,RNA polymerase sigma-70 factor, sigma-B/F/G subfamily [Bacillus phage vB_BceM_Bc431v3]
ALV83472.1,-,Sigma70_r2,PF04542.15,1.9e-13,42.1,0.0,4.1e-13,41.1,0.0,1.6,1,0,0,1,1,1,1,DNA-directed RNA polymerase sigma-70 factor [Bacillus phage vB_BceS-MY192]
QDP42999.1,-,Sigma70_r2,PF04542.15,9.4e-14,45.0,0.0,2.9e-13,43.4,0.0,1.9,2,0,0,2,2,2,1,RNA polymerase sigma factor [Bacillus phage vB_BmeM-Goe8]
QDP42942.1,-,Sigma70_r2,PF04542.15,4.7e-08,26.7,0.0,9.1e-08,25.8,0.0,1.5,1,0,0,1,1,1,1,RNA polymerase sigma factor [Bacillus phage vB_BmeM-Goe8]
QEG13664.1,-,Sigma70_r2,PF04542.15,1.1e-16,54.3,0.0,1.8e-16,53.7,0.0,1.4,1,0,0,1,1,1,1,putative RNA polymerase sigma 28 subunit SigG [Bacillus phage vB_BspM_MarvelLand]
QEG13663.1,-,Sigma70_r2,PF04542.15,4.2e-14,46.1,0.0,9e-14,45.0,0.0,1.6,1,0,0,1,1,1,1,putative RNA polymerase sigma factor [Bacillus phage vB_BspM_MarvelLand]
QMV48586.1,-,Sigma70_r2,PF04542.15,8.2e-10,32.2,0.1,2.6e-09,30.6,0.0,1.9,2,0,0,2,2,2,1,putative RNA polymerase sigma-70-like protein [Bacillus phage vB_BsuM-Goe10]
QMV48685.1,-,Sigma70_r2,PF04542.15,1e-06,22.3,0.0,2e-06,21.4,0.0,1.5,1,0,0,1,1,1,1,hypothetical protein Goe10_c01570 [Bacillus phage vB_BsuM-Goe10]
APZ82294.1,-,Sigma70_r2,PF04542.15,3.3e-11,36.7,0.4,7.9e-11,35.5,0.1,1.7,2,0,0,2,2,2,1,RNA polymerase sigma factor [Bacillus phage vB_BsuM-Goe2]
APZ82394.1,-,Sigma70_r2,PF04542.15,1e-06,22.3,0.0,2e-06,21.4,0.0,1.5,1,0,0,1,1,1,1,RNA polymerase sigma factor [Bacillus phage vB_BsuM-Goe2]
APZ82618.1,-,Sigma70_r2,PF04542.15,4.9e-11,36.3,0.0,1.1e-10,35.2,0.0,1.6,1,0,0,1,1,1,1,RNA polymerase sigma factor [Bacillus phage vB_BsuM-Goe3]
QMV48360.1,-,Sigma70_r2,PF04542.15,4e-13,42.8,0.2,1e-12,41.5,0.2,1.6,1,0,0,1,1,1,1,putative RNA polymerase sigma-70-like protein [Bacillus phage vB_BsuM-Goe9]
QMV48461.1,-,Sigma70_r2,PF04542.15,1e-06,22.3,0.0,2e-06,21.4,0.0,1.5,1,0,0,1,1,1,1,hypothetical protein Goe9_c01580 [Bacillus phage vB_BsuM-Goe9]
AZF89309.1,-,Sigma70_r2,PF04542.15,3.2e-12,40.2,0.1,8.4e-12,38.9,0.1,1.8,1,0,0,1,1,1,1,RNA polymerase sigma factor [Bacillus phage vB_BthM-Goe5]
QDP43462.1,-,Sigma70_r2,PF04542.15,3.2e-14,44.2,0.0,5.8e-14,43.4,0.0,1.5,1,0,0,1,1,1,1,sigma-70 family RNA polymerase sigma factor [Bacillus phage vB_BthS-HD29phi]
QDP43184.1,-,Sigma70_r2,PF04542.15,2.3e-11,37.4,0.0,5.3e-11,36.2,0.0,1.6,1,0,0,1,1,1,1,putative RNA polymerase sigma-70 [Bacillus phage vB_BveM-Goe7]
AMW61966.1,-,Sigma70_r2,PF04542.15,9.1e-12,38.9,0.0,2.4e-11,37.5,0.0,1.8,1,0,0,1,1,1,1,sigma factor [Bacillus phage Vinny]
ADH03291.1,-,Sigma70_r2,PF04542.15,1.9e-10,34.6,0.1,5e-10,33.2,0.0,1.8,2,0,0,2,2,2,1,gp145 [Bacillus phage W.Ph.]
QKE56338.1,-,Sigma70_r2,PF04542.15,2.4e-13,43.6,0.0,7.5e-13,42.0,0.0,1.8,1,0,0,1,1,1,1,RNA polymerase sigma factor [Bacillus phage YungSlug]
QKE56523.1,-,Sigma70_r2,PF04542.15,9.3e-08,25.7,0.1,1.6e-07,24.9,0.1,1.4,1,0,0,1,1,1,1,RNA polymerase sigma factor [Bacillus phage YungSlug]
ASR79140.1,-,Sigma70_r2,PF04542.15,3.8e-10,33.7,0.1,1.1e-09,32.3,0.0,1.8,2,0,0,2,2,2,1,RNA polymerase sigma factor [Bacillus phage Zainny]
AMW62487.1,-,Sigma70_r2,PF04542.15,9.2e-10,32.5,0.0,3.3e-09,30.7,0.0,2.0,1,0,0,1,1,1,1,sigma factor [Bacillus phage Zuko]
AGY46846.1,-,Sigma70_r2,PF04542.15,2.1e-08,26.3,0.0,4.4e-08,25.2,0.0,1.6,1,0,0,1,1,1,1,RNA polymerase sigma-70 factor [Bacillus virus Blastoid]
ALO79609.1,-,Sigma70_r2,PF04542.15,7.4e-18,58.2,0.2,3.5e-17,56.1,0.0,2.1,2,0,0,2,2,2,1,sigma70 protein [Bacillus virus BM15]
ALO79610.1,-,Sigma70_r2,PF04542.15,7.2e-12,39.1,0.0,1.7e-11,37.9,0.0,1.7,1,0,0,1,1,1,1,RNA polymerase sigma factor [Bacillus virus BM15]
AGE60807.1,-,Sigma70_r2,PF04542.15,5.6e-08,24.8,0.0,1.2e-07,23.8,0.0,1.6,1,0,0,1,1,1,1,RNA polymerase sigma-70 factor [Bacillus virus Eoghan]
AEO93340.1,-,Sigma70_r2,PF04542.15,1.9e-10,35.8,0.0,2.9e-10,35.2,0.0,1.4,1,0,0,1,1,1,1,gp69 [Bacillus virus G]
ACI90961.1,-,Sigma70_r2,PF04542.15,2.4e-11,37.0,0.3,6.4e-11,35.6,0.1,1.7,2,0,0,2,2,2,1,gp2.21 [Bacillus virus SPO1]
ACI91059.1,-,Sigma70_r2,PF04542.15,8.8e-07,22.4,0.0,1.8e-06,21.4,0.0,1.5,1,0,0,1,1,1,1,gp34 [Bacillus virus SPO1]
AGE60961.1,-,Sigma70_r2,PF04542.15,5.6e-08,24.8,0.0,1.2e-07,23.8,0.0,1.6,1,0,0,1,1,1,1,RNA polymerase sigma-70 factor [Bacillus virus Taylor]
ABC40436.1,-,Sigma70_r2,PF04542.15,4.6e-14,43.9,0.0,1e-13,42.8,0.0,1.6,1,0,0,1,1,1,1,putative RNA polymerase sigma subunit [Bacillus virus Wbeta]
AAL96802.1,-,Sigma70_r2,PF04542.15,4.4e-10,31.0,0.0,8.8e-10,30.0,0.0,1.4,1,0,0,1,1,1,1,putative sigma factor [Clostridium phage phi3626]
ADL40362.1,-,Sigma70_r2,PF04542.15,1.6e-10,33.2,0.0,3.5e-10,32.1,0.0,1.6,2,0,0,2,2,2,1,putative RNA polymerase sigma factor [Clostridium phage phiCTP1]
AGH27928.1,-,Sigma70_r2,PF04542.15,7.1e-14,43.2,0.6,2.5e-13,41.4,0.0,2.0,2,0,0,2,2,2,1,putative sporulation sigma factor [Clostridium phage vB_CpeS-CP51]
QFG05192.1,-,Sigma70_r4_2,PF08281.13,7.2e-17,53.4,0.0,1.3e-16,52.5,0.0,1.5,1,0,0,1,1,1,1,RNA polymerase sigma factor [Bacillus phage 019DV002]
QFG05277.1,-,Sigma70_r4_2,PF08281.13,7.2e-17,53.4,0.0,1.3e-16,52.5,0.0,1.5,1,0,0,1,1,1,1,RNA polymerase sigma factor [Bacillus phage 019DV004]
QFR56516.1,-,Sigma70_r4_2,PF08281.13,6.3e-17,53.5,0.0,1.3e-16,52.5,0.0,1.6,1,0,0,1,1,1,1,RNA polymerase sigma factor [Bacillus phage 056SW001B]
QNI20405.1,-,Sigma70_r4_2,PF08281.13,4.5e-11,34.6,0.2,9.6e-11,33.6,0.1,1.7,2,0,0,2,2,2,1,ECF RNA polymerase sigma factor [Bacillus phage 1_ICo-2020]
QNI20391.1,-,Sigma70_r4_2,PF08281.13,2.4e-07,22.7,0.0,3.9e-07,22.0,0.0,1.3,1,0,0,1,1,1,1,transcriptional reulatory protein [Bacillus phage 1_ICo-2020]
QFG05890.1,-,Sigma70_r4_2,PF08281.13,6.8e-17,53.4,0.0,1.3e-16,52.5,0.0,1.5,1,0,0,1,1,1,1,RNA polymerase sigma factor [Bacillus phage 276BB001]
QFG05971.1,-,Sigma70_r4_2,PF08281.13,6.8e-17,53.4,0.0,1.3e-16,52.5,0.0,1.5,1,0,0,1,1,1,1,RNA polymerase sigma factor [Bacillus phage 280BB001]
ASR78944.1,-,Sigma70_r4_2,PF08281.13,3.5e-13,43.3,0.4,1.6e-05,18.8,0.0,3.3,3,0,0,3,3,3,3,RNA polymerase sigma factor [Bacillus phage AaronPhadgers]
QDH50209.1,-,Sigma70_r4_2,PF08281.13,1.9e-10,34.5,0.7,9.2e-06,19.5,0.0,2.8,3,0,0,3,3,3,2,sigma factor [Bacillus phage ALPS]
AVO23054.1,-,Sigma70_r4_2,PF08281.13,2.3e-13,42.0,0.0,4.7e-13,41.0,0.0,1.5,1,0,0,1,1,1,1,RNA polymerase sigma factor [Bacillus phage Anath]
ASU01064.1,-,Sigma70_r4_2,PF08281.13,3.8e-12,39.9,1.4,1.5e-07,25.2,0.0,2.7,3,0,0,3,3,3,2,RNA polymerase sigma factor [Bacillus phage Anthony]
AZF88386.1,-,Sigma70_r4_2,PF08281.13,1.4e-08,26.3,0.2,9.9e-06,17.1,0.1,2.5,2,0,0,2,2,2,2,putative RNA polymerase sigma subunit [Bacillus phage AP631]
AZF88394.1,-,Sigma70_r4_2,PF08281.13,8.6e-07,20.5,0.0,1.5e-06,19.7,0.0,1.4,1,0,0,1,1,1,1,hypothetical protein AP631_0049 [Bacillus phage AP631]
AMS01112.1,-,Sigma70_r4_2,PF08281.13,3.1e-08,27.4,0.0,0.041,7.8,0.0,5.6,6,0,0,6,6,6,3,DNA binding protein [Bacillus phage AR9]
ALA13372.1,-,Sigma70_r4_2,PF08281.13,1.3e-08,28.7,0.2,3.5e-05,17.7,0.0,2.4,2,0,0,2,2,2,2,SigF-like RNA polymerase sigma factor [Bacillus phage AvesoBmore]
AEZ65936.1,-,Sigma70_r4_2,PF08281.13,4.1e-08,27.0,0.4,1.8e-05,18.5,0.1,2.5,2,0,0,2,2,2,2,sporulation sigma factor SigF-like protein [Bacillus phage B4]
AEW47372.1,-,Sigma70_r4_2,PF08281.13,4e-08,27.0,0.4,1.7e-05,18.5,0.1,2.5,2,0,0,2,2,2,2,putative RNA polymerase sigma 28 subunit SigF [Bacillus phage B5S]
AGR46630.1,-,Sigma70_r4_2,PF08281.13,1.4e-07,24.3,0.0,1.2e-05,18.1,0.0,2.2,2,0,0,2,2,2,2,hypothetical protein BASILISK_86 [Bacillus phage Basilisk]
AEQ34342.1,-,Sigma70_r4_2,PF08281.13,1.8e-12,40.9,0.2,1.4e-07,25.2,0.0,2.6,2,0,0,2,2,2,2,RNA polymerase sigma-F factor [Bacillus phage Bastille]
QEG04258.1,-,Sigma70_r4_2,PF08281.13,1.3e-15,50.8,7.2,2.3e-12,40.4,1.0,3.1,3,0,0,3,3,3,2,putative RNA polymerase sigma 28 subunit [Bacillus phage BC-T25]
QEG04257.1,-,Sigma70_r4_2,PF08281.13,1.1e-07,25.3,0.1,1.5e-06,21.7,0.0,2.3,2,0,0,2,2,2,1,RNA polymerase sigma factor [Bacillus phage BC-T25]
AXU41211.1,-,Sigma70_r4_2,PF08281.13,4.7e-07,23.4,5.7,2.4e-06,21.1,0.7,2.9,3,0,0,3,3,3,2,RNA polymerase sigma factor [Bacillus phage BC01]
CCE73891.1,-,Sigma70_r4_2,PF08281.13,4.9e-14,43.9,0.1,6.1e-14,43.6,0.1,1.1,1,0,0,1,1,1,1,sigma70, RNA polymerase sigma factor, positive control factor Xpf (C-terminal region) [Bacillus phage BceA1]
CCE73875.1,-,Sigma70_r4_2,PF08281.13,1.9e-10,32.4,0.4,3.8e-10,31.4,0.4,1.6,1,0,0,1,1,1,1,sigma70, RNA polymerase sigma factor [Bacillus phage BceA1]
AUM58962.1,-,Sigma70_r4_2,PF08281.13,9.4e-07,22.3,0.0,1.7e-06,21.5,0.0,1.5,1,0,0,1,1,1,1,DNA replication/modification protein [Bacillus phage BCP01]
AUM58961.1,-,Sigma70_r4_2,PF08281.13,1.1e-06,22.1,0.1,2.1e-06,21.2,0.1,1.4,1,0,0,1,1,1,1,DNA replication/modification protein [Bacillus phage BCP01]
AHN66675.1,-,Sigma70_r4_2,PF08281.13,1.2e-06,22.0,0.0,2.2e-06,21.2,0.0,1.5,1,0,0,1,1,1,1,RNA polymerase sigma-70 factor, sigma-B/F/G subfamily [Bacillus phage Bcp1]
AQN32486.1,-,Sigma70_r4_2,PF08281.13,1.5e-15,50.5,1.8,1.1e-13,44.5,0.9,2.8,2,0,0,2,2,2,2,RNA polymerase sporulation specific sigma factor SigF [Bacillus phage BCP12]
AEW47115.1,-,Sigma70_r4_2,PF08281.13,1.5e-15,50.5,1.8,1.1e-13,44.5,0.9,2.8,2,0,0,2,2,2,2,putative RNA polymerase sigma 28 subunit SigF [Bacillus phage BCP78]
AHJ87164.1,-,Sigma70_r4_2,PF08281.13,1e-06,22.2,0.1,1.8e-06,21.4,0.1,1.4,1,0,0,1,1,1,1,putative RNA polymerase sigma factor G [Bacillus phage BCP8-2]
AHJ87158.1,-,Sigma70_r4_2,PF08281.13,1.7e-06,21.5,0.2,0.03,7.9,0.0,3.2,3,0,0,3,3,3,2,putative HNH endonuclease [Bacillus phage BCP8-2]
AHJ87163.1,-,Sigma70_r4_2,PF08281.13,1.8e-06,21.4,0.0,3.5e-06,20.5,0.0,1.5,1,0,0,1,1,1,1,putative RNA polymerase sigma-70 factor, sigma-B/F/G subfamily [Bacillus phage BCP8-2]
AEW47604.1,-,Sigma70_r4_2,PF08281.13,1.5e-15,50.5,1.8,1.1e-13,44.5,0.9,2.8,2,0,0,2,2,2,2,putative RNA polymerase sigma 28 subunit SigF [Bacillus phage BCU4]
ANM46154.1,-,Sigma70_r4_2,PF08281.13,1.1e-12,41.6,0.4,1.6e-05,18.7,0.0,3.2,3,0,0,3,3,3,2,RNA polymerase sigma factor [Bacillus phage Belinda]
QDH49898.1,-,Sigma70_r4_2,PF08281.13,3.7e-08,27.2,0.1,5.5e-06,20.3,0.0,3.0,3,0,0,3,3,3,2,sigma factor [Bacillus phage Beyonphe]
AGY46709.1,-,Sigma70_r4_2,PF08281.13,2.7e-08,27.6,0.1,3.4e-05,17.7,0.0,2.4,2,0,0,2,2,2,2,RNA polymerase sigma factor [Bacillus phage BigBertha]
AOZ61848.1,-,Sigma70_r4_2,PF08281.13,2.2e-12,40.7,0.4,1.5e-05,18.8,0.0,3.2,3,0,0,3,3,3,2,RNA polymerase sigma factor [Bacillus phage BJ4]
AII27989.1,-,Sigma70_r4_2,PF08281.13,3.2e-11,36.8,0.3,1.3e-09,31.7,0.1,2.3,2,0,0,2,2,2,2,RNA polymerase sigma factor [Bacillus phage Bobb]
QMS41914.1,-,Sigma70_r4_2,PF08281.13,1.2e-09,30.2,0.0,2.3e-09,29.3,0.0,1.5,1,0,0,1,1,1,1,RNA polymerase sigma-E factor [Bacillus phage Bolokhovo]
AHJ87469.1,-,Sigma70_r4_2,PF08281.13,1.2e-12,41.2,1.8,4.6e-10,32.8,0.6,2.3,2,0,0,2,2,2,2,putative RNA polymerase sigma factor SigF 2 [Bacillus phage Bp8p-C]
AHJ87680.1,-,Sigma70_r4_2,PF08281.13,1.2e-12,41.2,1.8,4.6e-10,32.8,0.6,2.3,2,0,0,2,2,2,2,putative RNA polymerase sigma factor SigF 2 [Bacillus phage Bp8p-T]
AGI12133.1,-,Sigma70_r4_2,PF08281.13,3.6e-11,36.7,0.0,3.2e-06,20.9,0.0,2.5,2,0,0,2,2,2,2,putative RNA polymerase sigma factor [Bacillus phage BPS10C]
AEZ50316.1,-,Sigma70_r4_2,PF08281.13,1.3e-10,34.9,0.1,1.3e-05,18.9,0.0,2.7,3,0,0,3,3,3,2,putative RNA polymerase sigma factor [Bacillus phage BPS13]
AUO79472.1,-,Sigma70_r4_2,PF08281.13,3.8e-09,30.1,2.9,3.4e-08,27.0,0.2,2.4,2,0,0,2,2,2,2,RNA polymerase sigma factor 2 [Bacillus phage BSP10]
AXH71210.1,-,Sigma70_r4_2,PF08281.13,1.2e-10,35.0,0.1,3.3e-08,27.2,0.0,2.4,2,0,0,2,2,2,2,putative RNA polymerase sigma factor 2 [Bacillus phage BSP38]
AYJ76160.1,-,Sigma70_r4_2,PF08281.13,2.1e-07,22.8,0.0,3.5e-07,22.1,0.0,1.4,1,0,0,1,1,1,1,putative luxR family protein [Bacillus phage BSP7]
ATN94413.1,-,Sigma70_r4_2,PF08281.13,2e-09,30.9,2.1,3.3e-08,27.0,0.2,2.5,2,0,0,2,2,2,2,RNA polymerase sigma 70 factor [Bacillus phage BSP9]
AFL46426.1,-,Sigma70_r4_2,PF08281.13,1.7e-10,32.4,0.4,3.4e-10,31.4,0.4,1.6,1,0,0,1,1,1,1,RNA polymerase sigma factor [Bacillus phage BtCS33]
AUO78602.1,-,Sigma70_r4_2,PF08281.13,1.9e-10,32.4,0.4,3.8e-10,31.4,0.4,1.6,1,0,0,1,1,1,1,sigma-70 [Bacillus phage BtiUFT6.51-F]
ASR78776.1,-,Sigma70_r4_2,PF08281.13,4.8e-12,39.7,0.5,9.3e-06,19.6,0.0,3.2,3,0,0,3,3,3,2,RNA polymerase sigma factor [Bacillus phage Bubs]
AHZ09647.1,-,Sigma70_r4_2,PF08281.13,3.9e-12,39.9,1.4,1.5e-07,25.2,0.0,2.7,3,0,0,3,3,3,2,RNA polymerase sigma factor [Bacillus phage CAM003]
ARW58542.1,-,Sigma70_r4_2,PF08281.13,8.7e-07,20.5,0.0,1.5e-06,19.7,0.0,1.3,1,0,0,1,1,1,1,hypothetical protein [Bacillus phage Carmel_SA]
ABA46386.1,-,Sigma70_r4_2,PF08281.13,7.5e-09,27.0,0.2,9e-06,17.1,0.1,2.5,2,0,0,2,2,2,2,RNA polymerase sigma factor, putative [Bacillus phage Cherry]
ABA46381.1,-,Sigma70_r4_2,PF08281.13,9.6e-07,20.2,0.0,1.6e-06,19.5,0.0,1.4,1,0,0,1,1,1,1,conserved phage protein [Bacillus phage Cherry]
QEM43258.1,-,Sigma70_r4_2,PF08281.13,2e-06,21.6,0.4,0.004,11.1,0.1,3.0,3,0,0,3,3,3,2,RNA polymerase sigma factor [Bacillus phage Chotacabras]
AMO25911.1,-,Sigma70_r4_2,PF08281.13,1.3e-06,21.9,0.0,2.8e-06,20.8,0.0,1.6,1,0,0,1,1,1,1,RNA polymerase sigma-70 factor sigma-B/F/G subfamily [Bacillus phage Deep Blue]
AMW62796.1,-,Sigma70_r4_2,PF08281.13,1e-12,41.8,0.6,1.5e-05,18.8,0.0,3.2,3,0,0,3,3,3,2,sigma factor [Bacillus phage DIGNKC]
ANT41264.1,-,Sigma70_r4_2,PF08281.13,1.8e-11,37.9,0.3,8.4e-06,19.7,0.0,3.2,3,0,0,3,3,3,2,sigma factor [Bacillus phage DirtyBetty]
AZU99725.1,-,Sigma70_r4_2,PF08281.13,7.3e-08,23.8,0.0,5.1e-07,21.1,0.0,2.0,2,0,0,2,2,2,1,hypothetical protein DK1_000021 [Bacillus phage DK1]
AZU99820.1,-,Sigma70_r4_2,PF08281.13,8.8e-08,23.4,0.0,6.2e-07,20.7,0.0,2.0,2,0,0,2,2,2,1,hypothetical protein DK3_000022 [Bacillus phage DK3]
AMB18752.1,-,Sigma70_r4_2,PF08281.13,4.7e-15,49.0,1.9,6.4e-11,35.8,0.4,2.6,2,0,0,2,2,2,2,sporulation sigma factor SigF [Bacillus phage Eldridge]
AMB18751.1,-,Sigma70_r4_2,PF08281.13,6.4e-07,22.9,1.4,8.2e-06,19.4,0.1,3.0,3,0,0,3,3,3,1,RNA polymerase sigma factor [Bacillus phage Eldridge]
AHZ09937.1,-,Sigma70_r4_2,PF08281.13,1.9e-12,40.9,0.2,1.6e-07,25.2,0.0,2.6,2,0,0,2,2,2,2,RNA polymerase sigma factor [Bacillus phage Evoli]
ALA46534.1,-,Sigma70_r4_2,PF08281.13,1.7e-11,37.9,0.3,8.3e-06,19.7,0.0,3.2,3,0,0,3,3,3,2,SigF-like RNA polymerase sigma factor [Bacillus phage Eyuki]
ABA42728.1,-,Sigma70_r4_2,PF08281.13,7.4e-09,27.0,0.2,8.9e-06,17.1,0.1,2.5,2,0,0,2,2,2,2,sigma70 factor [Bacillus phage Fah]
ABA42733.1,-,Sigma70_r4_2,PF08281.13,1e-06,20.2,0.0,1.7e-06,19.4,0.0,1.4,1,0,0,1,1,1,1,HTH transcription regulator [Bacillus phage Fah]
ARQ95128.1,-,Sigma70_r4_2,PF08281.13,1.5e-09,31.6,1.6,1.3e-06,22.2,0.4,3.1,3,0,0,3,3,3,2,SigF-like RNA polymerase sigma factor [Bacillus phage Flapjack]
ABB55438.1,-,Sigma70_r4_2,PF08281.13,7.2e-07,20.2,0.0,1.2e-06,19.5,0.0,1.4,1,0,0,1,1,1,1,phage related protein [Bacillus phage Gamma]
ABC40488.1,-,Sigma70_r4_2,PF08281.13,7.8e-09,27.0,0.2,9.4e-06,17.1,0.1,2.5,2,0,0,2,2,2,2,putative RNA polymerase sigma subunit [Bacillus phage Gamma isolate d'Herelle]
ABC40497.1,-,Sigma70_r4_2,PF08281.13,1.1e-06,20.2,0.0,1.8e-06,19.4,0.0,1.4,1,0,0,1,1,1,1,conserved phage protein [Bacillus phage Gamma isolate d'Herelle]
AGE60883.1,-,Sigma70_r4_2,PF08281.13,1.2e-09,30.1,0.0,2.2e-09,29.3,0.0,1.5,1,0,0,1,1,1,1,RNA polymerase sigma-70 factor [Bacillus phage Gemini]
AGY47431.1,-,Sigma70_r4_2,PF08281.13,6.1e-09,29.5,4.5,3.6e-08,27.0,0.2,2.9,3,0,0,3,3,3,2,RNA polymerase sigma-70 factor [Bacillus phage Grass]
AHZ10241.1,-,Sigma70_r4_2,PF08281.13,2.8e-10,34.0,0.9,1e-05,19.4,0.0,2.8,3,0,0,3,3,3,2,sigF-like RNA polymerase sigma factor [Bacillus phage Hakuna]
AXQ66958.1,-,Sigma70_r4_2,PF08281.13,1.4e-06,22.0,0.0,2.6e-06,21.1,0.0,1.5,1,0,0,1,1,1,1,RNA polymerase subunit alpha [Bacillus phage Hobo]
AUV57859.1,-,Sigma70_r4_2,PF08281.13,6.3e-13,42.4,0.4,2.1e-05,18.4,0.0,3.3,3,0,0,3,3,3,3,SigF-like RNA polymerase sigma factor [Bacillus phage HonestAbe]
AHZ10517.1,-,Sigma70_r4_2,PF08281.13,2.6e-10,34.0,0.0,3.1e-06,20.9,0.0,2.9,3,0,0,3,3,3,2,RNA polymerase sigma factor [Bacillus phage Hoody T]
ASR79696.1,-,Sigma70_r4_2,PF08281.13,2.9e-10,33.9,0.0,3.3e-06,20.9,0.0,2.8,3,0,0,3,3,3,2,RNA polymerase sigma factor [Bacillus phage Janet]
AID17799.1,-,Sigma70_r4_2,PF08281.13,9e-07,22.2,0.1,1.6e-06,21.4,0.1,1.4,1,0,0,1,1,1,1,putative RNA polymerase sigma factor G [Bacillus phage JBP901]
AID17793.1,-,Sigma70_r4_2,PF08281.13,1.5e-06,21.5,0.2,0.027,7.9,0.0,3.2,3,0,0,3,3,3,2,putative HNH endonuclease [Bacillus phage JBP901]
AID17798.1,-,Sigma70_r4_2,PF08281.13,1.7e-06,21.4,0.0,3.2e-06,20.5,0.0,1.5,1,0,0,1,1,1,1,putative RNA polymerase sigma-70 factor [Bacillus phage JBP901]
AMW61625.1,-,Sigma70_r4_2,PF08281.13,6.5e-08,26.4,0.1,5.3e-06,20.3,0.0,2.8,3,0,0,3,3,3,2,sigma factor [Bacillus phage Juglone]
AXQ67115.1,-,Sigma70_r4_2,PF08281.13,1.9e-12,40.9,0.2,1.5e-07,25.2,0.0,2.6,2,0,0,2,2,2,2,RNA polymerase [Bacillus phage Kamfam]
ANU79852.1,-,Sigma70_r4_2,PF08281.13,2e-10,34.5,0.7,9.4e-06,19.5,0.0,2.8,3,0,0,3,3,3,2,sigma factor [Bacillus phage Kida]
AXQ67820.1,-,Sigma70_r4_2,PF08281.13,2.4e-07,24.4,0.0,4.4e-07,23.6,0.0,1.5,1,0,0,1,1,1,1,RNA polymerase subunit alpha [Bacillus phage Kioshi]
AMR60083.1,-,Sigma70_r4_2,PF08281.13,3.8e-10,31.6,0.0,6.8e-10,30.8,0.0,1.5,1,0,0,1,1,1,1,RNA polymerase [Bacillus phage Leo2]
AIW03238.1,-,Sigma70_r4_2,PF08281.13,9.3e-11,35.2,4.6,1.9e-07,24.7,0.5,4.1,3,1,0,3,3,3,3,RNA polymerase sigma factor [Bacillus phage Mater]
AHZ10802.1,-,Sigma70_r4_2,PF08281.13,1.7e-11,37.9,0.4,8.1e-06,19.7,0.0,3.2,3,0,0,3,3,3,2,RNA polymerase sigma factor [Bacillus phage Megatron]
AIW03563.1,-,Sigma70_r4_2,PF08281.13,1.1e-14,47.8,2.7,5.5e-11,36.0,0.3,2.6,2,0,0,2,2,2,2,RNA polymerase sigma factor [Bacillus phage Moonbeam]
AIW03562.1,-,Sigma70_r4_2,PF08281.13,9.4e-07,22.4,0.6,4e-05,17.2,0.2,2.8,3,0,0,3,3,3,1,RNA polymerase sigma factor [Bacillus phage Moonbeam]
ARW58483.1,-,Sigma70_r4_2,PF08281.13,1.1e-06,20.2,0.0,1.8e-06,19.5,0.0,1.4,1,0,0,1,1,1,1,hypothetical protein [Bacillus phage Negev_SA]
AMW63747.1,-,Sigma70_r4_2,PF08281.13,3.8e-12,40.0,0.5,8.4e-06,19.7,0.0,3.2,3,0,0,3,3,3,2,sigma factor [Bacillus phage Nemo]
AMW61377.1,-,Sigma70_r4_2,PF08281.13,6.7e-11,36.0,0.4,8.4e-06,19.7,0.0,2.9,3,0,0,3,3,3,2,sigma factor [Bacillus phage Nigalana]
AMW63445.1,-,Sigma70_r4_2,PF08281.13,1.9e-10,34.5,0.7,9.2e-06,19.5,0.0,2.8,3,0,0,3,3,3,2,sigma factor [Bacillus phage NotTheCreek]
QKN88236.1,-,Sigma70_r4_2,PF08281.13,4.3e-10,31.6,0.0,8.7e-10,30.6,0.0,1.6,1,0,0,1,1,1,1,RNA polymerase sigma factor [Bacillus phage Novomoskovsk]
AXQ67439.1,-,Sigma70_r4_2,PF08281.13,1.8e-11,37.9,0.4,8.3e-06,19.7,0.0,3.2,3,0,0,3,3,3,2,RNA polymerase sigma factor [Bacillus phage OmnioDeoPrimus]
ASR79669.1,-,Sigma70_r4_2,PF08281.13,1.9e-12,40.9,0.2,1.5e-07,25.2,0.0,2.6,2,0,0,2,2,2,2,RNA polymerase sigma factor [Bacillus phage OTooleKemple52]
AKQ08542.1,-,Sigma70_r4_2,PF08281.13,1.2e-06,22.1,0.1,0.026,8.2,0.0,3.3,3,0,0,3,3,3,3,putative HNH endonuclease [Bacillus phage PBC2]
ALA07697.1,-,Sigma70_r4_2,PF08281.13,4.3e-07,23.4,5.7,2.2e-06,21.1,0.7,2.9,3,0,0,3,3,3,2,putative RNA polymerase sigma 28 subunit SigF [Bacillus phage PBC6]
AGK88021.1,-,Sigma70_r4_2,PF08281.13,1.3e-16,51.5,0.0,3e-16,50.3,0.0,1.7,1,0,0,1,1,1,1,positive control sigma-like factor [Bacillus phage PBP180]
ALN97362.1,-,Sigma70_r4_2,PF08281.13,1.9e-10,32.4,0.4,3.8e-10,31.4,0.4,1.6,1,0,0,1,1,1,1,sigma-70 [Bacillus phage phi4I1]
ALO79855.1,-,Sigma70_r4_2,PF08281.13,2.2e-13,41.9,0.1,3.7e-13,41.1,0.1,1.4,1,0,0,1,1,1,1,positive control sigma-like factor [Bacillus phage phi4J1]
AGB62713.1,-,Sigma70_r4_2,PF08281.13,1.1e-07,25.2,0.9,0.0016,11.9,0.3,2.2,2,0,0,2,2,2,2,putative RNA polymerase sigma factor SigF 2 [Bacillus phage phiAGATE]
AGV99468.1,-,Sigma70_r4_2,PF08281.13,4.2e-08,24.7,0.1,7.6e-08,23.9,0.1,1.5,1,0,0,1,1,1,1,RNA polymerase sigma factor [Bacillus phage phiCM3]
BAN59653.1,-,Sigma70_r4_2,PF08281.13,6.8e-10,32.3,2.8,6.4e-09,29.2,0.2,2.4,2,0,0,2,2,2,2,putative sigma factor [Bacillus phage phiNIT1]
QDH49502.1,-,Sigma70_r4_2,PF08281.13,1.9e-10,34.5,0.7,9.3e-06,19.5,0.0,2.8,3,0,0,3,3,3,2,sigma factor [Bacillus phage Phireball]
AEV89274.1,-,Sigma70_r4_2,PF08281.13,7.7e-10,30.1,0.2,1.3e-09,29.4,0.2,1.4,1,0,0,1,1,1,1,RNA-polymerase sigma-factor [Bacillus phage phIS3501]
ALO79897.1,-,Sigma70_r4_2,PF08281.13,1.9e-13,42.3,0.1,2.9e-13,41.7,0.1,1.3,1,0,0,1,1,1,1,positive control sigma-like factor [Bacillus phage phiS58]
AMW62240.1,-,Sigma70_r4_2,PF08281.13,6.4e-08,26.4,0.1,5.3e-06,20.3,0.0,2.8,3,0,0,3,3,3,2,sigma factor [Bacillus phage Phrodo]
ANY29315.1,-,Sigma70_r4_2,PF08281.13,9.8e-07,22.3,0.0,1.7e-06,21.5,0.0,1.5,1,0,0,1,1,1,1,putative RNA polymerase sigma-70 factor [Bacillus phage PK16]
ANY29316.1,-,Sigma70_r4_2,PF08281.13,1.2e-06,22.1,0.1,2.2e-06,21.2,0.1,1.4,1,0,0,1,1,1,1,putative RNA polymerase sigma factor G [Bacillus phage PK16]
BAM99099.1,-,Sigma70_r4_2,PF08281.13,3.6e-12,38.3,0.7,0.0014,10.9,0.0,6.2,7,0,0,7,7,7,4,hypothetical protein [Bacillus phage PM1]
ASR78475.1,-,Sigma70_r4_2,PF08281.13,2.9e-10,34.0,0.9,1e-05,19.4,0.0,2.8,3,0,0,3,3,3,2,RNA polymerase sigma factor [Bacillus phage PPIsBest]
AOZ62117.1,-,Sigma70_r4_2,PF08281.13,2e-13,44.1,1.1,3.7e-13,43.2,1.1,1.5,1,0,0,1,1,1,1,RNA polymerase sigma 28 subunit [Bacillus phage QCM8]
AIF72077.1,-,Sigma70_r4_2,PF08281.13,6.5e-08,26.4,0.1,5.3e-06,20.3,0.0,2.8,3,0,0,3,3,3,2,sigF-like RNA polymerase [Bacillus phage Riley]
AXF41881.1,-,Sigma70_r4_2,PF08281.13,9.2e-13,41.5,0.6,1.2e-05,18.7,0.0,3.2,3,0,0,3,3,3,2,RNA polymerase sigma factor [Bacillus phage Saddex]
AMW63146.1,-,Sigma70_r4_2,PF08281.13,2.9e-10,34.0,0.9,1e-05,19.4,0.0,2.8,3,0,0,3,3,3,2,sigma factor [Bacillus phage SageFayge]
ANH50776.1,-,Sigma70_r4_2,PF08281.13,2.8e-11,37.2,0.2,3.5e-06,20.9,0.0,2.8,3,0,0,3,3,3,2,SigF-like RNA polymerase sigma factor [Bacillus phage SalinJah]
AOZ62476.1,-,Sigma70_r4_2,PF08281.13,1e-12,41.8,0.6,1.6e-05,18.8,0.0,3.2,3,0,0,3,3,3,2,RNA polymerase sigma factor [Bacillus phage SBP8a]
AGY48388.1,-,Sigma70_r4_2,PF08281.13,4e-08,25.7,0.1,0.00011,14.7,0.0,2.8,2,0,0,2,2,2,2,RNA polymerase sigma factor [Bacillus phage Slash]
ANI24840.1,-,Sigma70_r4_2,PF08281.13,2.1e-11,37.6,0.6,8.1e-06,19.7,0.0,3.2,3,0,0,3,3,3,2,RNA polymerase sigma factor [Bacillus phage Smudge]
AGY48597.1,-,Sigma70_r4_2,PF08281.13,1.5e-09,31.6,1.6,1.3e-06,22.2,0.4,3.1,3,0,0,3,3,3,2,RNA polymerase sigma factor [Bacillus phage Spock]
AKA61526.1,-,Sigma70_r4_2,PF08281.13,6.1e-07,21.9,0.2,0.0028,10.2,0.1,2.8,2,0,0,2,2,2,2,RNA polymerase sigma factor [Bacillus phage Stahl]
AGY48783.1,-,Sigma70_r4_2,PF08281.13,8.2e-07,21.6,0.1,0.0028,10.2,0.1,2.7,2,0,0,2,2,2,2,RNA polymerase sigma 70 factor [Bacillus phage Staley]
AKC02726.1,-,Sigma70_r4_2,PF08281.13,1.4e-07,24.0,0.2,0.0014,11.1,0.0,2.7,2,0,0,2,2,2,2,RNA polymerase sigma factor [Bacillus phage Stills]
ASZ75934.1,-,Sigma70_r4_2,PF08281.13,6.4e-08,26.4,0.1,5.2e-06,20.3,0.0,2.8,3,0,0,3,3,3,2,SigF-like RNA polymerase sigma factor [Bacillus phage Taffo16]
QLF85884.1,-,Sigma70_r4_2,PF08281.13,1.2e-12,41.0,0.3,1.6e-05,18.2,0.0,3.2,3,0,0,3,3,3,2,RNA polymerase sigma factor [Bacillus phage Tomato]
AGT13480.1,-,Sigma70_r4_2,PF08281.13,6.5e-08,26.4,0.1,5.3e-06,20.3,0.0,2.8,3,0,0,3,3,3,2,RNA polymerase, SigF-like [Bacillus phage Troll]
ALA13223.1,-,Sigma70_r4_2,PF08281.13,7.9e-07,22.7,1.6,3e-06,20.8,0.6,2.4,2,0,0,2,2,2,1,RNA polymerase sigma factor [Bacillus phage TsarBomba]
AXY83037.1,-,Sigma70_r4_2,PF08281.13,1.3e-07,24.2,0.0,1e-05,18.1,0.0,2.2,2,0,0,2,2,2,2,hypothetical protein vBBak1_077 [Bacillus phage v_B-Bak1]
AXY83243.1,-,Sigma70_r4_2,PF08281.13,1.2e-07,24.2,0.0,9.9e-06,18.1,0.0,2.2,2,0,0,2,2,2,2,hypothetical protein vBBBak10_074 [Bacillus phage v_B-Bak10]
AXY83157.1,-,Sigma70_r4_2,PF08281.13,1.3e-07,24.2,0.0,1e-05,18.1,0.0,2.2,2,0,0,2,2,2,2,hypothetical protein vBBak6_077 [Bacillus phage v_B-Bak6]
AFQ96418.1,-,Sigma70_r4_2,PF08281.13,5.2e-07,23.2,0.1,9e-07,22.5,0.1,1.4,1,0,0,1,1,1,1,putative RNA polymerase sigma factor G [Bacillus phage vB_BceM_Bc431v3]
AFQ96417.1,-,Sigma70_r4_2,PF08281.13,8.7e-07,22.5,0.0,1.6e-06,21.7,0.0,1.5,1,0,0,1,1,1,1,RNA polymerase sigma-70 factor, sigma-B/F/G subfamily [Bacillus phage vB_BceM_Bc431v3]
ALY08057.1,-,Sigma70_r4_2,PF08281.13,1.9e-07,22.9,0.0,3.3e-07,22.1,0.0,1.4,1,0,0,1,1,1,1,hypothetical protein BhaS171_00001 [Bacillus phage vB_BhaS-171]
QDP42942.1,-,Sigma70_r4_2,PF08281.13,1.2e-11,38.1,1.4,9.2e-07,22.5,0.4,2.6,2,0,0,2,2,2,2,RNA polymerase sigma factor [Bacillus phage vB_BmeM-Goe8]
QDP42999.1,-,Sigma70_r4_2,PF08281.13,2e-11,37.4,0.4,1.4e-10,34.7,0.1,2.2,2,0,0,2,2,2,1,RNA polymerase sigma factor [Bacillus phage vB_BmeM-Goe8]
AYP68748.1,-,Sigma70_r4_2,PF08281.13,8.5e-17,52.8,0.0,1.7e-16,51.9,0.0,1.6,1,1,0,1,1,1,1,RNA polymerase sigma factor [Bacillus phage vB_BpsS-36]
AYP68742.1,-,Sigma70_r4_2,PF08281.13,1e-06,20.5,0.1,2.9e-06,19.1,0.1,1.8,1,1,1,2,2,2,1,hypothetical protein BpsS36_00036 [Bacillus phage vB_BpsS-36]
ALN97971.1,-,Sigma70_r4_2,PF08281.13,1.5e-10,35.0,0.0,0.012,9.7,0.0,7.2,8,0,0,8,8,8,3,TPR repeat-containing protein [Bacillus phage vB_BpuM-BpSp]
ALN97970.1,-,Sigma70_r4_2,PF08281.13,5.5e-08,26.8,0.1,0.055,7.6,0.0,4.4,4,0,0,4,4,4,3,hypothetical protein Bp8pS_291 [Bacillus phage vB_BpuM-BpSp]
QEG13663.1,-,Sigma70_r4_2,PF08281.13,2.5e-07,24.3,1.2,3e-06,20.8,0.6,2.6,2,0,0,2,2,2,1,putative RNA polymerase sigma factor [Bacillus phage vB_BspM_MarvelLand]
APZ82618.1,-,Sigma70_r4_2,PF08281.13,8.5e-13,41.8,0.2,2.7e-10,33.8,0.1,2.6,2,0,0,2,2,2,2,RNA polymerase sigma factor [Bacillus phage vB_BsuM-Goe3]
AZF89309.1,-,Sigma70_r4_2,PF08281.13,1.9e-10,34.4,0.0,3.1e-06,20.9,0.0,2.8,3,0,0,3,3,3,2,RNA polymerase sigma factor [Bacillus phage vB_BthM-Goe5]
QCW20871.1,-,Sigma70_r4_2,PF08281.13,1.9e-13,42.3,0.1,2.9e-13,41.7,0.1,1.3,1,0,0,1,1,1,1,positive control sigma-like factor [Bacillus phage vB_BthS-TP21T]
ANT40114.1,-,Sigma70_r4_2,PF08281.13,4.7e-07,21.1,0.1,6.7e-07,20.6,0.1,1.3,1,0,0,1,1,1,1,hypothetical protein BMBtpLA4_20 [Bacillus phage vB_BtS_BMBtp15]
AHJ86775.1,-,Sigma70_r4_2,PF08281.13,1.8e-12,39.1,0.1,2.7e-12,38.5,0.1,1.3,1,0,0,1,1,1,1,positive control sigma-like factor [Bacillus phage vB_BtS_BMBtp3]
QDP43184.1,-,Sigma70_r4_2,PF08281.13,8.8e-13,41.8,0.2,2.8e-10,33.8,0.1,2.6,2,0,0,2,2,2,2,putative RNA polymerase sigma-70 [Bacillus phage vB_BveM-Goe7]
AMW61966.1,-,Sigma70_r4_2,PF08281.13,2.8e-10,34.0,0.0,3.4e-06,20.9,0.0,2.9,3,0,0,3,3,3,2,sigma factor [Bacillus phage Vinny]
ADH03291.1,-,Sigma70_r4_2,PF08281.13,2.5e-07,24.4,0.3,3.3e-05,17.7,0.0,2.7,3,0,0,3,3,3,2,gp145 [Bacillus phage W.Ph.]
AID50197.1,-,Sigma70_r4_2,PF08281.13,1.7e-13,42.3,0.1,2.6e-13,41.7,0.1,1.3,1,0,0,1,1,1,1,sigma-70 family RNA polymerase sigma factor [Bacillus phage Waukesha92]
QKE56404.1,-,Sigma70_r4_2,PF08281.13,4.3e-06,20.2,0.0,8e-06,19.4,0.0,1.4,1,0,0,1,1,1,1,DNA binding protein [Bacillus phage YungSlug]
ASR79140.1,-,Sigma70_r4_2,PF08281.13,2.2e-11,37.6,0.6,8.4e-06,19.7,0.0,3.2,3,0,0,3,3,3,2,RNA polymerase sigma factor [Bacillus phage Zainny]
AMW62487.1,-,Sigma70_r4_2,PF08281.13,3.4e-13,43.3,0.4,1.5e-05,18.8,0.0,3.3,3,0,0,3,3,3,3,sigma factor [Bacillus phage Zuko]
AGE61114.1,-,Sigma70_r4_2,PF08281.13,1.2e-09,30.1,0.0,2.2e-09,29.3,0.0,1.5,1,0,0,1,1,1,1,RNA polymerase sigma-70 factor [Bacillus virus Andromeda]
AGY46846.1,-,Sigma70_r4_2,PF08281.13,1.2e-09,30.1,0.0,2.3e-09,29.2,0.0,1.5,1,0,0,1,1,1,1,RNA polymerase sigma-70 factor [Bacillus virus Blastoid]
ALO79610.1,-,Sigma70_r4_2,PF08281.13,1.4e-06,22.0,0.0,2.6e-06,21.1,0.0,1.5,1,0,0,1,1,1,1,RNA polymerase sigma factor [Bacillus virus BM15]
AGE60732.1,-,Sigma70_r4_2,PF08281.13,6.4e-09,27.8,0.1,1.3e-08,26.8,0.1,1.5,1,0,0,1,1,1,1,RNA polymerase sigma-70 factor [Bacillus virus Curly]
AGE60807.1,-,Sigma70_r4_2,PF08281.13,1.1e-09,30.1,0.0,2.2e-09,29.2,0.0,1.5,1,0,0,1,1,1,1,RNA polymerase sigma-70 factor [Bacillus virus Eoghan]
AGE61035.1,-,Sigma70_r4_2,PF08281.13,6.1e-09,27.9,0.0,1.3e-08,26.8,0.0,1.5,1,0,0,1,1,1,1,RNA polymerase sigma-70 factor [Bacillus virus Finn]
AEO93340.1,-,Sigma70_r4_2,PF08281.13,1.2e-09,33.2,0.0,9.6e-09,30.2,0.0,2.1,2,0,0,2,2,2,1,gp69 [Bacillus virus G]
AGY47231.1,-,Sigma70_r4_2,PF08281.13,1e-09,30.4,0.0,2e-09,29.4,0.0,1.5,1,0,0,1,1,1,1,RNA polymerase sigma factor [Bacillus virus Glittering]
AGY48207.1,-,Sigma70_r4_2,PF08281.13,5.9e-09,27.9,0.0,1.3e-08,26.8,0.0,1.6,1,0,0,1,1,1,1,RNA polymerase sigma-70 factor [Bacillus virus Riggi]
AGE60961.1,-,Sigma70_r4_2,PF08281.13,1.1e-09,30.1,0.0,2.2e-09,29.2,0.0,1.5,1,0,0,1,1,1,1,RNA polymerase sigma-70 factor [Bacillus virus Taylor]
ABC40436.1,-,Sigma70_r4_2,PF08281.13,7.8e-09,27.0,0.2,9.4e-06,17.1,0.1,2.5,2,0,0,2,2,2,2,putative RNA polymerase sigma subunit [Bacillus virus Wbeta]
ABC40444.1,-,Sigma70_r4_2,PF08281.13,1.1e-06,20.2,0.0,1.8e-06,19.4,0.0,1.4,1,0,0,1,1,1,1,conserved phage protein [Bacillus virus Wbeta]
ALY06993.1,-,Sigma70_r4_2,PF08281.13,8.8e-07,20.4,0.3,2.2e-06,19.1,0.3,1.7,1,1,0,1,1,1,1,sigma70/sigmaF-like protein [Clostridium phage CDSH1]
AYR04306.1,-,Sigma70_r4_2,PF08281.13,1.2e-07,23.5,0.3,1.5e-07,23.2,0.3,1.2,1,0,0,1,1,1,1,hypothetical protein CPD1_027 [Clostridium phage CPD1]
AAL96802.1,-,Sigma70_r4_2,PF08281.13,2.7e-10,31.6,0.1,5.2e-10,30.7,0.1,1.5,1,0,0,1,1,1,1,putative sigma factor [Clostridium phage phi3626]
CEK40326.1,-,Sigma70_r4_2,PF08281.13,9.1e-07,20.4,0.3,2.3e-06,19.1,0.3,1.7,1,1,0,1,1,1,1,Sigma70/sigmaF-like protein [Clostridium phage phiCD111]
AEF56927.1,-,Sigma70_r4_2,PF08281.13,9.1e-07,20.4,0.3,2.3e-06,19.1,0.3,1.7,1,1,0,1,1,1,1,sigma70/sigmaF-like protein [Clostridium phage phiCD38-2]
CEK40621.1,-,Sigma70_r4_2,PF08281.13,5.8e-07,21.0,0.2,1.5e-06,19.7,0.2,1.7,1,0,0,1,1,1,1,conserved protein of unknown function [Clostridium phage phiCD481-1]
CDL65329.1,-,Sigma70_r4_2,PF08281.13,5.3e-07,21.0,0.2,1.4e-06,19.7,0.2,1.7,1,0,0,1,1,1,1,conserved hypothetical protein [Clostridium phage phiCDHM13]
CDU85333.1,-,Sigma70_r4_2,PF08281.13,5.3e-07,21.0,0.2,1.4e-06,19.7,0.2,1.7,1,0,0,1,1,1,1,conserved hypothetical protein [Clostridium phage phiCDHM14]
ACE82013.1,-,Sigma70_r4_2,PF08281.13,1.1e-07,23.6,0.3,1.4e-07,23.2,0.3,1.2,1,0,0,1,1,1,1,hypothetical protein [Clostridium phage phiCP39-O]
AJA42714.1,-,Sigma70_r4_2,PF08281.13,1.4e-06,20.1,0.1,3.6e-06,18.8,0.1,1.8,1,0,0,1,1,1,1,XRE family transcriptional regulator (endogenous virus) [Clostridium phage phiCT19406A]
AJA42910.1,-,Sigma70_r4_2,PF08281.13,1.4e-06,20.1,0.1,3.6e-06,18.8,0.1,1.8,1,0,0,1,1,1,1,XRE family transcriptional regulator (endogenous virus) [Clostridium phage phiCTC2A]
ADL40362.1,-,Sigma70_r4_2,PF08281.13,2.2e-08,26.2,0.1,3.3e-08,25.7,0.1,1.3,1,0,0,1,1,1,1,putative RNA polymerase sigma factor [Clostridium phage phiCTP1]
CEK40755.1,-,Sigma70_r4_2,PF08281.13,1.7e-06,20.1,0.1,6.1e-06,18.3,0.0,1.9,2,0,0,2,2,2,1,putative phage-related terminase small subunit; skin element [Clostridium phage phiMMP01]
CEK40836.1,-,Sigma70_r4_2,PF08281.13,2e-06,20.1,0.1,7e-06,18.3,0.0,1.9,2,0,0,2,2,2,1,putative phage-related terminase small subunit; skin element [Clostridium phage phiMMP03]
AFO72183.1,-,Sigma70_r4_2,PF08281.13,7e-07,20.7,0.2,1.5e-06,19.6,0.2,1.5,1,0,0,1,1,1,1,hypothetical protein phiMMP04_gp46 [Clostridium phage phiMMP04]
CUL03828.1,-,Sigma70_r4_2,PF08281.13,8.4e-07,20.4,0.3,2.1e-06,19.1,0.3,1.7,1,1,0,1,1,1,1,hypothetical protein [Clostridium phage slur17]
AGH27928.1,-,Sigma70_r4_2,PF08281.13,3.5e-08,24.8,0.0,6.1e-08,24.0,0.0,1.5,1,0,0,1,1,1,1,putative sporulation sigma factor [Clostridium phage vB_CpeS-CP51]
ABE99464.1,-,Sigma70_r4_2,PF08281.13,1.7e-06,20.1,0.1,6.1e-06,18.3,0.0,1.9,2,0,0,2,2,2,1,putative terminase small subunit [Clostridium virus phiC2]
QFG05192.1,-,Sigma70_r4,PF04545.17,4.2e-11,34.7,0.0,7e-11,34.0,0.0,1.4,1,0,0,1,1,1,1,RNA polymerase sigma factor [Bacillus phage 019DV002]
QFG05277.1,-,Sigma70_r4,PF04545.17,4.2e-11,34.7,0.0,7e-11,34.0,0.0,1.4,1,0,0,1,1,1,1,RNA polymerase sigma factor [Bacillus phage 019DV004]
QFR56516.1,-,Sigma70_r4,PF04545.17,4.2e-11,34.7,0.0,6.9e-11,34.0,0.0,1.4,1,0,0,1,1,1,1,RNA polymerase sigma factor [Bacillus phage 056SW001B]
QNI20405.1,-,Sigma70_r4,PF04545.17,1.8e-11,35.8,0.0,4.6e-11,34.5,0.0,1.7,1,0,0,1,1,1,1,ECF RNA polymerase sigma factor [Bacillus phage 1_ICo-2020]
QFG05890.1,-,Sigma70_r4,PF04545.17,4.1e-11,34.7,0.0,6.7e-11,34.0,0.0,1.4,1,0,0,1,1,1,1,RNA polymerase sigma factor [Bacillus phage 276BB001]
QFG05971.1,-,Sigma70_r4,PF04545.17,4.1e-11,34.7,0.0,6.7e-11,34.0,0.0,1.4,1,0,0,1,1,1,1,RNA polymerase sigma factor [Bacillus phage 280BB001]
ASR78944.1,-,Sigma70_r4,PF04545.17,3e-13,43.4,0.1,9.1e-09,29.0,0.0,2.7,3,0,0,3,3,3,2,RNA polymerase sigma factor [Bacillus phage AaronPhadgers]
QDH50209.1,-,Sigma70_r4,PF04545.17,4.9e-11,36.3,0.2,9.6e-09,28.9,0.1,2.5,2,0,0,2,2,2,2,sigma factor [Bacillus phage ALPS]
AVO23054.1,-,Sigma70_r4,PF04545.17,1.5e-11,36.1,0.0,3.7e-11,34.8,0.0,1.7,1,0,0,1,1,1,1,RNA polymerase sigma factor [Bacillus phage Anath]
ASU01064.1,-,Sigma70_r4,PF04545.17,5.1e-10,32.9,0.1,7.2e-08,26.0,0.0,3.2,3,0,0,3,3,3,1,RNA polymerase sigma factor [Bacillus phage Anthony]
AZF88394.1,-,Sigma70_r4,PF04545.17,7.9e-09,26.9,0.0,1.3e-08,26.2,0.0,1.4,1,0,0,1,1,1,1,hypothetical protein AP631_0049 [Bacillus phage AP631]
AZF88386.1,-,Sigma70_r4,PF04545.17,1.2e-07,23.1,0.0,1.2e-06,19.9,0.0,2.3,2,0,0,2,2,2,1,putative RNA polymerase sigma subunit [Bacillus phage AP631]
AZF88376.1,-,Sigma70_r4,PF04545.17,4.1e-07,21.4,1.4,4.8e-05,14.8,0.1,2.9,3,0,0,3,3,3,2,helix-turn-helix Cro and cI family protein [Bacillus phage AP631]
AMS01112.1,-,Sigma70_r4,PF04545.17,9.3e-22,70.6,0.0,8.9e-05,16.2,0.0,6.2,6,0,0,6,6,6,4,DNA binding protein [Bacillus phage AR9]
AMS01099.1,-,Sigma70_r4,PF04545.17,1.8e-06,21.6,0.0,2.1e-06,21.4,0.0,1.2,1,0,0,1,1,1,1,DNA binding protein [Bacillus phage AR9]
ALA13372.1,-,Sigma70_r4,PF04545.17,5.9e-13,42.4,0.2,1.6e-12,41.0,0.0,1.8,2,0,0,2,2,2,1,SigF-like RNA polymerase sigma factor [Bacillus phage AvesoBmore]
AEZ65936.1,-,Sigma70_r4,PF04545.17,4.1e-08,26.8,1.2,9.5e-07,22.4,0.2,2.4,2,0,0,2,2,2,2,sporulation sigma factor SigF-like protein [Bacillus phage B4]
AEW47372.1,-,Sigma70_r4,PF04545.17,4.1e-08,26.8,1.2,9.4e-07,22.4,0.2,2.4,2,0,0,2,2,2,2,putative RNA polymerase sigma 28 subunit SigF [Bacillus phage B5S]
AGR46630.1,-,Sigma70_r4,PF04545.17,4.4e-07,22.6,0.0,1.5e-06,20.8,0.0,1.8,2,0,0,2,2,2,1,hypothetical protein BASILISK_86 [Bacillus phage Basilisk]
AEQ34342.1,-,Sigma70_r4,PF04545.17,6e-10,32.7,0.1,7e-08,26.0,0.0,3.1,3,0,0,3,3,3,1,RNA polymerase sigma-F factor [Bacillus phage Bastille]
QEG04258.1,-,Sigma70_r4,PF04545.17,3.3e-15,49.3,10.1,6.1e-15,48.4,2.0,3.5,3,0,0,3,3,3,2,putative RNA polymerase sigma 28 subunit [Bacillus phage BC-T25]
QEG04257.1,-,Sigma70_r4,PF04545.17,1.4e-10,34.5,0.3,1.3e-09,31.4,0.0,2.5,2,1,1,3,3,3,1,RNA polymerase sigma factor [Bacillus phage BC-T25]
AXU41211.1,-,Sigma70_r4,PF04545.17,7.7e-16,51.4,0.6,7.7e-16,51.4,0.6,2.3,3,0,0,3,3,3,1,RNA polymerase sigma factor [Bacillus phage BC01]
AXU41213.1,-,Sigma70_r4,PF04545.17,1.7e-10,34.2,0.2,4e-10,33.0,0.2,1.7,1,0,0,1,1,1,1,RNA polymerase sigma factor [Bacillus phage BC01]
CCE73891.1,-,Sigma70_r4,PF04545.17,2.5e-10,31.8,0.0,3.6e-10,31.4,0.0,1.3,1,0,0,1,1,1,1,sigma70, RNA polymerase sigma factor, positive control factor Xpf (C-terminal region) [Bacillus phage BceA1]
CCE73875.1,-,Sigma70_r4,PF04545.17,4.5e-07,21.4,0.2,8.8e-07,20.5,0.2,1.5,1,0,0,1,1,1,1,sigma70, RNA polymerase sigma factor [Bacillus phage BceA1]
AUM58961.1,-,Sigma70_r4,PF04545.17,1.1e-09,31.6,0.7,2.3e-09,30.5,0.7,1.6,1,0,0,1,1,1,1,DNA replication/modification protein [Bacillus phage BCP01]
AUM58962.1,-,Sigma70_r4,PF04545.17,5.6e-08,26.1,0.0,1.2e-07,25.0,0.0,1.6,1,0,0,1,1,1,1,DNA replication/modification protein [Bacillus phage BCP01]
AHN66674.1,-,Sigma70_r4,PF04545.17,2e-08,27.5,0.0,4.4e-08,26.5,0.0,1.6,1,0,0,1,1,1,1,RNA polymerase sigma-70 factor, sigma-B/F/G subfamily [Bacillus phage Bcp1]
AQN32486.1,-,Sigma70_r4,PF04545.17,2.6e-17,56.0,7.9,2e-16,53.2,2.4,2.9,3,0,0,3,3,3,2,RNA polymerase sporulation specific sigma factor SigF [Bacillus phage BCP12]
AQN32487.1,-,Sigma70_r4,PF04545.17,2.2e-10,33.8,0.2,9.9e-10,31.7,0.1,2.1,2,0,0,2,2,2,1,RNA polymerase sporulation specific sigma factor SigG [Bacillus phage BCP12]
AEW47115.1,-,Sigma70_r4,PF04545.17,2.6e-17,56.0,7.9,2e-16,53.2,2.4,2.9,3,0,0,3,3,3,2,putative RNA polymerase sigma 28 subunit SigF [Bacillus phage BCP78]
AEW47116.1,-,Sigma70_r4,PF04545.17,2.1e-10,33.8,0.2,9.8e-10,31.7,0.1,2.1,2,0,0,2,2,2,1,putative RNA polymerase sigma 28 subunit SigG [Bacillus phage BCP78]
AHJ87164.1,-,Sigma70_r4,PF04545.17,8.4e-09,28.7,0.5,1.6e-08,27.8,0.5,1.5,1,0,0,1,1,1,1,putative RNA polymerase sigma factor G [Bacillus phage BCP8-2]
AHJ87158.1,-,Sigma70_r4,PF04545.17,9.6e-08,25.3,0.3,0.0063,9.9,0.0,3.8,3,1,1,4,4,4,3,putative HNH endonuclease [Bacillus phage BCP8-2]
AHJ87163.1,-,Sigma70_r4,PF04545.17,2.1e-07,24.2,0.0,4.8e-07,23.1,0.0,1.7,1,0,0,1,1,1,1,putative RNA polymerase sigma-70 factor, sigma-B/F/G subfamily [Bacillus phage BCP8-2]
AEW47604.1,-,Sigma70_r4,PF04545.17,2.5e-17,56.0,7.9,2e-16,53.2,2.4,2.9,3,0,0,3,3,3,2,putative RNA polymerase sigma 28 subunit SigF [Bacillus phage BCU4]
AEW47605.1,-,Sigma70_r4,PF04545.17,2.1e-10,33.8,0.2,9.6e-10,31.7,0.1,2.1,2,0,0,2,2,2,1,putative RNA polymerase sigma 28 subunit SigG [Bacillus phage BCU4]
ANM46154.1,-,Sigma70_r4,PF04545.17,2.8e-13,43.4,0.2,8.9e-09,29.0,0.0,2.7,3,0,0,3,3,3,2,RNA polymerase sigma factor [Bacillus phage Belinda]
QDH49898.1,-,Sigma70_r4,PF04545.17,1.3e-11,38.1,0.1,1.1e-10,35.1,0.0,2.3,2,0,0,2,2,2,1,sigma factor [Bacillus phage Beyonphe]
AGY46709.1,-,Sigma70_r4,PF04545.17,6.3e-13,42.3,0.1,1.6e-12,41.0,0.0,1.8,2,0,0,2,2,2,1,RNA polymerase sigma factor [Bacillus phage BigBertha]
AOZ61848.1,-,Sigma70_r4,PF04545.17,3.6e-13,43.1,0.1,8.7e-09,29.1,0.0,2.7,3,0,0,3,3,3,2,RNA polymerase sigma factor [Bacillus phage BJ4]
ALP46685.1,-,Sigma70_r4,PF04545.17,2.6e-07,24.0,0.1,1e-06,22.1,0.3,2.0,2,0,0,2,2,2,1,helix-turn-helix Hin protein [Bacillus phage BM5]
AII27989.1,-,Sigma70_r4,PF04545.17,6.2e-14,45.3,0.3,1.2e-13,44.4,0.1,1.6,2,0,0,2,2,2,1,RNA polymerase sigma factor [Bacillus phage Bobb]
AII27990.1,-,Sigma70_r4,PF04545.17,8.2e-10,32.1,0.3,1.7e-09,31.1,0.1,1.6,2,0,0,2,2,2,1,RNA polymerase sigma factor [Bacillus phage Bobb]
QMS41914.1,-,Sigma70_r4,PF04545.17,6.5e-11,34.1,0.4,1.4e-10,33.0,0.1,1.8,2,0,0,2,2,2,1,RNA polymerase sigma-E factor [Bacillus phage Bolokhovo]
AHJ87469.1,-,Sigma70_r4,PF04545.17,2.1e-17,56.2,1.0,8.4e-16,51.1,0.7,2.3,2,0,0,2,2,2,2,putative RNA polymerase sigma factor SigF 2 [Bacillus phage Bp8p-C]
AHJ87470.1,-,Sigma70_r4,PF04545.17,3.3e-11,36.3,0.7,1.6e-09,31.0,0.1,2.3,2,0,0,2,2,2,2,putative RNA polymerase sigma factor SigF 1 [Bacillus phage Bp8p-C]
AHJ87680.1,-,Sigma70_r4,PF04545.17,2.1e-17,56.2,1.0,8.4e-16,51.1,0.7,2.3,2,0,0,2,2,2,2,putative RNA polymerase sigma factor SigF 2 [Bacillus phage Bp8p-T]
AHJ87681.1,-,Sigma70_r4,PF04545.17,3.3e-11,36.3,0.7,1.6e-09,31.0,0.1,2.3,2,0,0,2,2,2,2,putative RNA polymerase sigma factor SigF 1 [Bacillus phage Bp8p-T]
AGI12133.1,-,Sigma70_r4,PF04545.17,1.8e-10,34.3,0.3,1.1e-08,28.6,0.1,2.5,2,0,0,2,2,2,2,putative RNA polymerase sigma factor [Bacillus phage BPS10C]
AEZ50316.1,-,Sigma70_r4,PF04545.17,2.8e-10,33.7,0.1,1.8e-08,27.9,0.0,2.5,2,0,0,2,2,2,2,putative RNA polymerase sigma factor [Bacillus phage BPS13]
AUO79472.1,-,Sigma70_r4,PF04545.17,5.3e-18,58.3,2.6,4.2e-17,55.4,0.7,2.4,2,0,0,2,2,2,1,RNA polymerase sigma factor 2 [Bacillus phage BSP10]
AUO79488.1,-,Sigma70_r4,PF04545.17,5.4e-07,23.0,0.2,0.0017,11.8,0.0,2.4,2,0,0,2,2,2,2,HNH homing endonuclease 3 [Bacillus phage BSP10]
AXH71210.1,-,Sigma70_r4,PF04545.17,4.1e-14,45.9,0.5,2.8e-08,27.2,0.0,2.7,3,0,0,3,3,3,2,putative RNA polymerase sigma factor 2 [Bacillus phage BSP38]
AYJ76160.1,-,Sigma70_r4,PF04545.17,3.9e-08,25.0,0.1,8.1e-08,24.0,0.1,1.6,1,0,0,1,1,1,1,putative luxR family protein [Bacillus phage BSP7]
ATN94413.1,-,Sigma70_r4,PF04545.17,3.2e-18,58.9,2.2,4e-17,55.4,0.7,2.5,2,0,0,2,2,2,1,RNA polymerase sigma 70 factor [Bacillus phage BSP9]
ATN94422.1,-,Sigma70_r4,PF04545.17,5.2e-07,23.0,0.2,0.0017,11.8,0.0,2.4,2,0,0,2,2,2,2,HNH homing endonuclease [Bacillus phage BSP9]
AFL46426.1,-,Sigma70_r4,PF04545.17,4e-07,21.4,0.2,7.9e-07,20.5,0.2,1.5,1,0,0,1,1,1,1,RNA polymerase sigma factor [Bacillus phage BtCS33]
AUO78602.1,-,Sigma70_r4,PF04545.17,4.5e-07,21.4,0.2,8.8e-07,20.5,0.2,1.5,1,0,0,1,1,1,1,sigma-70 [Bacillus phage BtiUFT6.51-F]
ASR78776.1,-,Sigma70_r4,PF04545.17,1.8e-12,40.9,0.3,1.9e-09,31.2,0.1,2.6,3,0,0,3,3,3,2,RNA polymerase sigma factor [Bacillus phage Bubs]
AHZ09647.1,-,Sigma70_r4,PF04545.17,5.3e-10,32.9,0.1,7.4e-08,26.0,0.0,3.2,3,0,0,3,3,3,1,RNA polymerase sigma factor [Bacillus phage CAM003]
ARW58542.1,-,Sigma70_r4,PF04545.17,8.1e-09,26.9,0.0,1.3e-08,26.2,0.0,1.4,1,0,0,1,1,1,1,hypothetical protein [Bacillus phage Carmel_SA]
ARW58562.2,-,Sigma70_r4,PF04545.17,1.9e-07,22.5,2.7,8.9e-06,17.1,0.2,2.9,3,0,0,3,3,3,2,hypothetical protein [Bacillus phage Carmel_SA]
ABA46381.1,-,Sigma70_r4,PF04545.17,7.1e-09,26.9,0.0,1.2e-08,26.2,0.0,1.4,1,0,0,1,1,1,1,conserved phage protein [Bacillus phage Cherry]
ABA46386.1,-,Sigma70_r4,PF04545.17,3.3e-08,24.8,0.0,1.1e-06,19.9,0.0,2.5,2,0,0,2,2,2,1,RNA polymerase sigma factor, putative [Bacillus phage Cherry]
QEM43258.1,-,Sigma70_r4,PF04545.17,1.1e-06,22.3,1.9,7.6e-05,16.4,0.3,2.5,2,0,0,2,2,2,2,RNA polymerase sigma factor [Bacillus phage Chotacabras]
AMO25911.1,-,Sigma70_r4,PF04545.17,3.2e-09,30.1,0.0,6.2e-09,29.2,0.0,1.5,1,0,0,1,1,1,1,RNA polymerase sigma-70 factor sigma-B/F/G subfamily [Bacillus phage Deep Blue]
AMO25912.1,-,Sigma70_r4,PF04545.17,4.2e-09,29.7,0.1,8.8e-09,28.7,0.1,1.6,1,0,0,1,1,1,1,RNA polymerase sigma-70 factor sigma-B/F/G subfamily [Bacillus phage Deep Blue]
AMW62796.1,-,Sigma70_r4,PF04545.17,3e-13,43.3,0.1,8.8e-09,29.0,0.0,2.7,3,0,0,3,3,3,2,sigma factor [Bacillus phage DIGNKC]
ANT41264.1,-,Sigma70_r4,PF04545.17,1.1e-11,38.4,0.6,1.7e-09,31.3,0.1,2.7,3,0,0,3,3,3,2,sigma factor [Bacillus phage DirtyBetty]
AMB18752.1,-,Sigma70_r4,PF04545.17,1.6e-19,63.1,4.6,9.6e-17,54.2,0.2,3.0,3,0,0,3,3,3,2,sporulation sigma factor SigF [Bacillus phage Eldridge]
AMB18751.1,-,Sigma70_r4,PF04545.17,2.9e-16,52.7,0.2,2.9e-16,52.7,0.2,3.5,4,1,1,5,5,5,1,RNA polymerase sigma factor [Bacillus phage Eldridge]
AHZ09937.1,-,Sigma70_r4,PF04545.17,6.5e-10,32.7,0.1,7.6e-08,26.0,0.0,3.1,3,0,0,3,3,3,1,RNA polymerase sigma factor [Bacillus phage Evoli]
ALA46534.1,-,Sigma70_r4,PF04545.17,1.1e-11,38.4,0.6,1.7e-09,31.3,0.1,2.7,3,0,0,3,3,3,2,SigF-like RNA polymerase sigma factor [Bacillus phage Eyuki]
ABA42733.1,-,Sigma70_r4,PF04545.17,7.4e-09,26.8,0.0,1.2e-08,26.1,0.0,1.4,1,0,0,1,1,1,1,HTH transcription regulator [Bacillus phage Fah]
ABA42728.1,-,Sigma70_r4,PF04545.17,3.3e-08,24.8,0.0,1e-06,19.9,0.0,2.5,2,0,0,2,2,2,1,sigma70 factor [Bacillus phage Fah]
ABA42719.1,-,Sigma70_r4,PF04545.17,6e-07,20.7,1.9,4.7e-05,14.7,0.1,2.9,3,0,0,3,3,3,2,transcription regulator [Bacillus phage Fah]
ARQ95128.1,-,Sigma70_r4,PF04545.17,6.3e-13,42.3,0.6,1.4e-11,38.0,0.2,2.5,2,0,0,2,2,2,2,SigF-like RNA polymerase sigma factor [Bacillus phage Flapjack]
ABB55438.1,-,Sigma70_r4,PF04545.17,5.3e-09,26.9,0.0,8.8e-09,26.2,0.0,1.4,1,0,0,1,1,1,1,phage related protein [Bacillus phage Gamma]
ABB55414.1,-,Sigma70_r4,PF04545.17,4.5e-07,20.7,1.9,3.5e-05,14.7,0.1,2.9,3,0,0,3,3,3,2,putative transcriptional regulator [Bacillus phage Gamma]
ABC40497.1,-,Sigma70_r4,PF04545.17,7.8e-09,26.8,0.0,1.3e-08,26.1,0.0,1.4,1,0,0,1,1,1,1,conserved phage protein [Bacillus phage Gamma isolate d'Herelle]
ABC40488.1,-,Sigma70_r4,PF04545.17,3.4e-08,24.8,0.0,1.1e-06,19.9,0.0,2.5,2,0,0,2,2,2,1,putative RNA polymerase sigma subunit [Bacillus phage Gamma isolate d'Herelle]
AGE60883.1,-,Sigma70_r4,PF04545.17,6.6e-11,34.0,0.4,1.4e-10,33.0,0.1,1.7,2,0,0,2,2,2,1,RNA polymerase sigma-70 factor [Bacillus phage Gemini]
AGY47431.1,-,Sigma70_r4,PF04545.17,1.5e-18,60.1,1.9,4.4e-17,55.4,0.7,2.5,2,0,0,2,2,2,2,RNA polymerase sigma-70 factor [Bacillus phage Grass]
AHZ10241.1,-,Sigma70_r4,PF04545.17,4.8e-11,36.3,0.2,1.1e-08,28.8,0.1,2.7,2,0,0,2,2,2,2,sigF-like RNA polymerase sigma factor [Bacillus phage Hakuna]
AXQ66957.1,-,Sigma70_r4,PF04545.17,2.3e-08,27.5,0.0,5e-08,26.5,0.0,1.6,1,0,0,1,1,1,1,RNA polymerase sigma factor [Bacillus phage Hobo]
AUV57859.1,-,Sigma70_r4,PF04545.17,2.9e-13,43.4,0.1,8.6e-09,29.0,0.0,2.7,3,0,0,3,3,3,2,SigF-like RNA polymerase sigma factor [Bacillus phage HonestAbe]
AHZ10517.1,-,Sigma70_r4,PF04545.17,9.2e-10,32.1,0.0,9.4e-08,25.6,0.0,3.0,3,0,0,3,3,3,2,RNA polymerase sigma factor [Bacillus phage Hoody T]
QIW89842.1,-,Sigma70_r4,PF04545.17,1.4e-07,25.0,1.9,1.8e-05,18.2,0.0,3.4,4,0,0,4,4,4,2,GIY-YIG endonuclease [Bacillus phage Izhevsk]
ASR79696.1,-,Sigma70_r4,PF04545.17,1.4e-09,31.5,0.0,9.9e-08,25.6,0.0,2.9,3,0,0,3,3,3,2,RNA polymerase sigma factor [Bacillus phage Janet]
AID17799.1,-,Sigma70_r4,PF04545.17,7.6e-09,28.7,0.5,1.5e-08,27.8,0.5,1.5,1,0,0,1,1,1,1,putative RNA polymerase sigma factor G [Bacillus phage JBP901]
AID17793.1,-,Sigma70_r4,PF04545.17,8.8e-08,25.3,0.3,0.0058,9.9,0.0,3.8,3,1,1,4,4,4,3,putative HNH endonuclease [Bacillus phage JBP901]
AID17798.1,-,Sigma70_r4,PF04545.17,1.9e-07,24.3,0.0,4.4e-07,23.1,0.0,1.7,1,0,0,1,1,1,1,putative RNA polymerase sigma-70 factor [Bacillus phage JBP901]
AMW61625.1,-,Sigma70_r4,PF04545.17,1.3e-11,38.1,0.1,1.1e-10,35.1,0.0,2.3,2,0,0,2,2,2,1,sigma factor [Bacillus phage Juglone]
AXQ67115.1,-,Sigma70_r4,PF04545.17,6.5e-10,32.7,0.1,7.5e-08,26.0,0.0,3.1,3,0,0,3,3,3,1,RNA polymerase [Bacillus phage Kamfam]
ANU79852.1,-,Sigma70_r4,PF04545.17,5.1e-11,36.3,0.2,9.9e-09,28.9,0.1,2.5,2,0,0,2,2,2,2,sigma factor [Bacillus phage Kida]
AXQ67819.1,-,Sigma70_r4,PF04545.17,2.4e-08,27.5,0.0,5e-08,26.5,0.0,1.6,1,0,0,1,1,1,1,RNA polymerase sigma factor [Bacillus phage Kioshi]
AMR60083.1,-,Sigma70_r4,PF04545.17,7.2e-12,37.0,0.1,1.4e-11,36.1,0.1,1.5,1,0,0,1,1,1,1,RNA polymerase [Bacillus phage Leo2]
AIW03238.1,-,Sigma70_r4,PF04545.17,5.5e-19,61.4,2.2,3.3e-15,49.4,0.9,4.0,3,1,0,3,3,3,3,RNA polymerase sigma factor [Bacillus phage Mater]
AIW03217.1,-,Sigma70_r4,PF04545.17,1.6e-08,27.9,0.1,0.00064,13.2,0.1,3.1,3,0,0,3,3,3,2,HNH homing endonuclease [Bacillus phage Mater]
AHZ10802.1,-,Sigma70_r4,PF04545.17,1.1e-11,38.4,0.4,1.7e-09,31.3,0.1,2.6,3,0,0,3,3,3,2,RNA polymerase sigma factor [Bacillus phage Megatron]
AIW03563.1,-,Sigma70_r4,PF04545.17,6e-20,64.5,5.2,5.4e-17,55.0,1.6,3.4,3,0,0,3,3,3,2,RNA polymerase sigma factor [Bacillus phage Moonbeam]
AIW03562.1,-,Sigma70_r4,PF04545.17,3.5e-18,58.8,1.6,6.4e-17,54.8,0.5,3.3,4,0,0,4,4,4,1,RNA polymerase sigma factor [Bacillus phage Moonbeam]
ARW58483.1,-,Sigma70_r4,PF04545.17,7.9e-09,26.9,0.0,1.3e-08,26.2,0.0,1.4,1,0,0,1,1,1,1,hypothetical protein [Bacillus phage Negev_SA]
AMW63747.1,-,Sigma70_r4,PF04545.17,1.5e-12,41.1,0.3,1.7e-09,31.3,0.1,2.6,3,0,0,3,3,3,2,sigma factor [Bacillus phage Nemo]
AMW61377.1,-,Sigma70_r4,PF04545.17,1.1e-11,38.4,0.5,1.7e-09,31.3,0.1,2.7,3,0,0,3,3,3,2,sigma factor [Bacillus phage Nigalana]
AMW63445.1,-,Sigma70_r4,PF04545.17,4.9e-11,36.3,0.2,9.6e-09,28.9,0.1,2.5,2,0,0,2,2,2,2,sigma factor [Bacillus phage NotTheCreek]
QKN88236.1,-,Sigma70_r4,PF04545.17,3.9e-12,38.0,0.0,7.7e-12,37.0,0.0,1.5,1,0,0,1,1,1,1,RNA polymerase sigma factor [Bacillus phage Novomoskovsk]
AXQ67439.1,-,Sigma70_r4,PF04545.17,1.1e-11,38.4,0.4,1.7e-09,31.3,0.1,2.6,3,0,0,3,3,3,2,RNA polymerase sigma factor [Bacillus phage OmnioDeoPrimus]
ASR79669.1,-,Sigma70_r4,PF04545.17,6.4e-10,32.7,0.1,7.5e-08,26.0,0.0,3.1,3,0,0,3,3,3,1,RNA polymerase sigma factor [Bacillus phage OTooleKemple52]
AIW03662.1,-,Sigma70_r4,PF04545.17,5.6e-07,20.8,0.0,1.7e-06,19.3,0.0,1.6,2,0,0,2,2,2,1,transcriptional regulator [Bacillus phage Pascal]
AKQ08245.1,-,Sigma70_r4,PF04545.17,2e-09,29.9,0.3,3.7e-06,19.4,0.1,2.1,2,0,0,2,2,2,2,hypothetical protein PBC4_053 [Bacillus phage PBC4]
ALA07697.1,-,Sigma70_r4,PF04545.17,7e-16,51.4,0.6,7e-16,51.4,0.6,2.3,3,0,0,3,3,3,1,putative RNA polymerase sigma 28 subunit SigF [Bacillus phage PBC6]
ALA07698.1,-,Sigma70_r4,PF04545.17,1.6e-10,34.2,0.2,3.7e-10,33.0,0.2,1.7,1,0,0,1,1,1,1,putative RNA polymerase sigma 28 subunit SigG [Bacillus phage PBC6]
AGK88021.1,-,Sigma70_r4,PF04545.17,1.1e-11,35.6,0.0,2.5e-11,34.4,0.0,1.7,1,0,0,1,1,1,1,positive control sigma-like factor [Bacillus phage PBP180]
ANT40183.1,-,Sigma70_r4,PF04545.17,2.9e-07,22.1,0.5,9.8e-06,17.2,0.0,3.3,4,0,0,4,4,4,1,putative RNA polymerase sigma subunit [Bacillus phage PfEFR-4]
ANT40413.1,-,Sigma70_r4,PF04545.17,2.9e-07,22.1,0.5,9.9e-06,17.2,0.0,3.3,4,0,0,4,4,4,1,putative RNA polymerase sigma subunit [Bacillus phage PfEFR-5]
ANT40337.1,-,Sigma70_r4,PF04545.17,2.2e-07,22.8,0.0,3.4e-06,19.0,0.0,2.3,1,1,1,2,2,2,1,prorepressor [Bacillus phage PfIS075]
ANT40267.1,-,Sigma70_r4,PF04545.17,2.1e-07,22.8,0.0,3.3e-06,19.0,0.0,2.3,1,1,1,2,2,2,1,prorepressor [Bacillus phage PfNC7401]
ALN97362.1,-,Sigma70_r4,PF04545.17,4.5e-07,21.4,0.2,8.8e-07,20.5,0.2,1.5,1,0,0,1,1,1,1,sigma-70 [Bacillus phage phi4I1]
ALO79855.1,-,Sigma70_r4,PF04545.17,1.1e-09,29.9,0.0,2.1e-09,29.0,0.0,1.5,1,0,0,1,1,1,1,positive control sigma-like factor [Bacillus phage phi4J1]
AGB62713.1,-,Sigma70_r4,PF04545.17,7.5e-12,38.4,1.1,4.7e-10,32.6,0.4,2.3,2,0,0,2,2,2,2,putative RNA polymerase sigma factor SigF 2 [Bacillus phage phiAGATE]
AGB62714.1,-,Sigma70_r4,PF04545.17,1.9e-09,30.7,0.2,4.7e-09,29.4,0.1,1.7,2,0,0,2,2,2,1,putative RNA polymerase sigma factor SigF 1 [Bacillus phage phiAGATE]
AGV99468.1,-,Sigma70_r4,PF04545.17,3.1e-07,21.8,0.1,6.4e-07,20.8,0.1,1.5,1,0,0,1,1,1,1,RNA polymerase sigma factor [Bacillus phage phiCM3]
BAN59653.1,-,Sigma70_r4,PF04545.17,2.5e-18,59.2,2.4,2e-17,56.3,0.6,2.4,2,0,0,2,2,2,2,putative sigma factor [Bacillus phage phiNIT1]
QDH49502.1,-,Sigma70_r4,PF04545.17,5e-11,36.3,0.2,9.7e-09,28.9,0.1,2.5,2,0,0,2,2,2,2,sigma factor [Bacillus phage Phireball]
AEV89274.1,-,Sigma70_r4,PF04545.17,7.8e-08,23.6,0.1,1.4e-07,22.7,0.1,1.4,1,0,0,1,1,1,1,RNA-polymerase sigma-factor [Bacillus phage phIS3501]
ALO79897.1,-,Sigma70_r4,PF04545.17,8.3e-10,30.5,0.0,1.6e-09,29.5,0.0,1.5,1,0,0,1,1,1,1,positive control sigma-like factor [Bacillus phage phiS58]
AMW62240.1,-,Sigma70_r4,PF04545.17,1.3e-11,38.1,0.1,1.1e-10,35.1,0.0,2.3,2,0,0,2,2,2,1,sigma factor [Bacillus phage Phrodo]
ANY29316.1,-,Sigma70_r4,PF04545.17,1.1e-09,31.6,0.7,2.4e-09,30.5,0.7,1.6,1,0,0,1,1,1,1,putative RNA polymerase sigma factor G [Bacillus phage PK16]
ANY29315.1,-,Sigma70_r4,PF04545.17,5.9e-08,26.1,0.0,1.3e-07,25.0,0.0,1.6,1,0,0,1,1,1,1,putative RNA polymerase sigma-70 factor [Bacillus phage PK16]
ASR78475.1,-,Sigma70_r4,PF04545.17,5.9e-11,36.0,0.2,1.1e-08,28.8,0.1,2.5,2,0,0,2,2,2,2,RNA polymerase sigma factor [Bacillus phage PPIsBest]
AZU99094.1,-,Sigma70_r4,PF04545.17,1.7e-09,29.9,0.3,3.2e-06,19.4,0.1,2.1,2,0,0,2,2,2,2,hypothetical protein pW4_79 [Bacillus phage pW4]
AOZ62117.1,-,Sigma70_r4,PF04545.17,2.7e-16,53.1,1.7,5.6e-16,52.0,1.7,1.6,1,0,0,1,1,1,1,RNA polymerase sigma 28 subunit [Bacillus phage QCM8]
AOZ62115.1,-,Sigma70_r4,PF04545.17,3.8e-11,36.6,0.0,4.3e-11,36.4,0.0,1.1,1,0,0,1,1,1,1,RNA polymerase sigma 28 subunit [Bacillus phage QCM8]
AIF72077.1,-,Sigma70_r4,PF04545.17,1.3e-11,38.1,0.1,1.1e-10,35.1,0.0,2.3,2,0,0,2,2,2,1,sigF-like RNA polymerase [Bacillus phage Riley]
AXF41881.1,-,Sigma70_r4,PF04545.17,2.6e-13,43.1,0.1,7e-09,28.9,0.0,2.7,3,0,0,3,3,3,2,RNA polymerase sigma factor [Bacillus phage Saddex]
AMW63146.1,-,Sigma70_r4,PF04545.17,5.9e-11,36.0,0.2,1.1e-08,28.8,0.1,2.5,2,0,0,2,2,2,2,sigma factor [Bacillus phage SageFayge]
ANH50776.1,-,Sigma70_r4,PF04545.17,2.5e-10,34.0,0.8,1.2e-08,28.6,0.1,2.6,3,0,0,3,3,3,2,SigF-like RNA polymerase sigma factor [Bacillus phage SalinJah]
AOZ62476.1,-,Sigma70_r4,PF04545.17,3e-13,43.4,0.1,9e-09,29.0,0.0,2.7,3,0,0,3,3,3,2,RNA polymerase sigma factor [Bacillus phage SBP8a]
AGY48388.1,-,Sigma70_r4,PF04545.17,8.6e-08,24.5,0.0,3.7e-07,22.5,0.0,2.1,2,0,0,2,2,2,1,RNA polymerase sigma factor [Bacillus phage Slash]
AGY48314.1,-,Sigma70_r4,PF04545.17,6.1e-07,21.8,0.0,1.9e-06,20.2,0.0,1.9,2,0,0,2,2,2,1,ECF subfamily RNA polymerase sigma-24 factor [Bacillus phage Slash]
AGY48356.1,-,Sigma70_r4,PF04545.17,9.2e-07,21.2,1.4,1.9e-06,20.2,1.4,1.6,1,0,0,1,1,1,1,RNA polymerase sigma factor SigB [Bacillus phage Slash]
ANI24840.1,-,Sigma70_r4,PF04545.17,1.1e-11,38.4,0.6,1.7e-09,31.3,0.1,2.7,3,0,0,3,3,3,2,RNA polymerase sigma factor [Bacillus phage Smudge]
BAK52932.1,-,Sigma70_r4,PF04545.17,8.2e-08,25.6,0.2,2.4e-07,24.1,0.2,1.9,1,0,0,1,1,1,1,RNA polymerase sigma factor [Bacillus phage SP-10]
AGY48597.1,-,Sigma70_r4,PF04545.17,6.2e-13,42.3,0.6,1.4e-11,38.0,0.2,2.5,2,0,0,2,2,2,2,RNA polymerase sigma factor [Bacillus phage Spock]
AKA61526.1,-,Sigma70_r4,PF04545.17,2.4e-07,23.0,0.2,1.4e-06,20.7,0.0,2.3,2,0,0,2,2,2,1,RNA polymerase sigma factor [Bacillus phage Stahl]
AKA61453.1,-,Sigma70_r4,PF04545.17,6.2e-07,21.7,0.0,1.9e-06,20.2,0.0,1.9,2,0,0,2,2,2,1,RNA polymerase sigma factor [Bacillus phage Stahl]
AKA61495.1,-,Sigma70_r4,PF04545.17,8.7e-07,21.3,1.4,1.9e-06,20.2,1.4,1.6,1,0,0,1,1,1,1,RNA polymerase sigma factor [Bacillus phage Stahl]
AGY48783.1,-,Sigma70_r4,PF04545.17,2.7e-07,23.0,0.2,1.4e-06,20.7,0.0,2.3,2,0,0,2,2,2,1,RNA polymerase sigma 70 factor [Bacillus phage Staley]
AGY48708.1,-,Sigma70_r4,PF04545.17,6.2e-07,21.8,0.0,1.9e-06,20.2,0.0,1.9,2,0,0,2,2,2,1,RNA polymerase sigma factor [Bacillus phage Staley]
AGY48752.1,-,Sigma70_r4,PF04545.17,9.4e-07,21.2,1.4,2e-06,20.2,1.4,1.6,1,0,0,1,1,1,1,RNA polymerase sigma factor [Bacillus phage Staley]
AKC02726.1,-,Sigma70_r4,PF04545.17,1.2e-09,30.5,0.2,3.1e-08,25.9,0.1,2.8,2,0,0,2,2,2,1,RNA polymerase sigma factor [Bacillus phage Stills]
AKC02694.1,-,Sigma70_r4,PF04545.17,4.9e-08,25.3,0.0,1.1e-07,24.1,0.0,1.6,1,0,0,1,1,1,1,RNA polymerase sigma factor [Bacillus phage Stills]
AKC02652.1,-,Sigma70_r4,PF04545.17,3.9e-07,22.4,0.1,1.5e-06,20.5,0.0,2.1,3,0,0,3,3,3,1,RNA polymerase sigma factor [Bacillus phage Stills]
ASZ75934.1,-,Sigma70_r4,PF04545.17,1.3e-11,38.1,0.1,1.1e-10,35.1,0.0,2.3,2,0,0,2,2,2,1,SigF-like RNA polymerase sigma factor [Bacillus phage Taffo16]
ARW58422.1,-,Sigma70_r4,PF04545.17,6.4e-09,27.3,0.0,9.9e-09,26.7,0.0,1.4,1,0,0,1,1,1,1,hypothetical protein [Bacillus phage Tavor_SA]
ARW58421.1,-,Sigma70_r4,PF04545.17,7e-07,20.8,2.4,1.5e-05,16.5,0.1,2.5,2,0,0,2,2,2,2,hypothetical protein [Bacillus phage Tavor_SA]
QLF85884.1,-,Sigma70_r4,PF04545.17,2.5e-13,43.1,0.1,6.7e-09,28.9,0.0,2.7,3,0,0,3,3,3,2,RNA polymerase sigma factor [Bacillus phage Tomato]
AGT13480.1,-,Sigma70_r4,PF04545.17,1.3e-11,38.1,0.1,1.1e-10,35.1,0.0,2.3,2,0,0,2,2,2,1,RNA polymerase, SigF-like [Bacillus phage Troll]
ALA13223.1,-,Sigma70_r4,PF04545.17,2.8e-16,52.8,1.8,7.1e-16,51.5,0.9,2.2,2,0,0,2,2,2,1,RNA polymerase sigma factor [Bacillus phage TsarBomba]
ALA13222.1,-,Sigma70_r4,PF04545.17,1.8e-10,34.2,0.1,4.5e-10,32.9,0.1,1.7,1,0,0,1,1,1,1,RNA polymerase sigma factor [Bacillus phage TsarBomba]
AXY83037.1,-,Sigma70_r4,PF04545.17,3.9e-07,22.5,0.0,1.3e-06,20.8,0.0,1.8,2,0,0,2,2,2,1,hypothetical protein vBBak1_077 [Bacillus phage v_B-Bak1]
AXY83243.1,-,Sigma70_r4,PF04545.17,3.7e-07,22.5,0.0,1.3e-06,20.8,0.0,1.8,2,0,0,2,2,2,1,hypothetical protein vBBBak10_074 [Bacillus phage v_B-Bak10]
AXY83157.1,-,Sigma70_r4,PF04545.17,3.9e-07,22.5,0.0,1.3e-06,20.8,0.0,1.8,2,0,0,2,2,2,1,hypothetical protein vBBak6_077 [Bacillus phage v_B-Bak6]
AFQ96418.1,-,Sigma70_r4,PF04545.17,2.6e-09,30.5,0.4,5.9e-09,29.3,0.4,1.7,1,0,0,1,1,1,1,putative RNA polymerase sigma factor G [Bacillus phage vB_BceM_Bc431v3]
AFQ96417.1,-,Sigma70_r4,PF04545.17,3.3e-09,30.1,0.0,6.7e-09,29.1,0.0,1.6,1,0,0,1,1,1,1,RNA polymerase sigma-70 factor, sigma-B/F/G subfamily [Bacillus phage vB_BceM_Bc431v3]
ALV83472.1,-,Sigma70_r4,PF04545.17,2.8e-07,22.1,0.3,1e-05,17.1,0.0,3.3,4,0,0,4,4,4,1,DNA-directed RNA polymerase sigma-70 factor [Bacillus phage vB_BceS-MY192]
QDP42942.1,-,Sigma70_r4,PF04545.17,2.8e-21,68.8,5.1,5.8e-16,51.8,1.1,3.2,4,0,0,4,4,4,2,RNA polymerase sigma factor [Bacillus phage vB_BmeM-Goe8]
QDP42999.1,-,Sigma70_r4,PF04545.17,2.7e-16,52.9,0.8,8.2e-16,51.3,0.5,2.0,2,0,0,2,2,2,1,RNA polymerase sigma factor [Bacillus phage vB_BmeM-Goe8]
QDP42961.1,-,Sigma70_r4,PF04545.17,4.5e-06,20.1,0.3,0.00052,13.5,0.0,2.5,2,0,0,2,2,2,2,putative HNH endonuclease [Bacillus phage vB_BmeM-Goe8]
AZS49253.1,-,Sigma70_r4,PF04545.17,2.2e-08,25.7,0.1,4.5e-08,24.7,0.1,1.5,1,0,0,1,1,1,1,sigma-70 family RNA polymerase sigma factor [Bacillus phage vB_BpsS-140]
AYP68748.1,-,Sigma70_r4,PF04545.17,4.5e-14,43.9,0.0,8.7e-14,43.0,0.0,1.5,1,0,0,1,1,1,1,RNA polymerase sigma factor [Bacillus phage vB_BpsS-36]
ALN97971.1,-,Sigma70_r4,PF04545.17,2e-21,69.6,0.0,0.0001,16.1,0.0,9.0,9,0,0,9,9,9,8,TPR repeat-containing protein [Bacillus phage vB_BpuM-BpSp]
ALN97970.1,-,Sigma70_r4,PF04545.17,5.3e-15,49.1,0.0,7.4e-05,16.6,0.0,4.4,4,0,0,4,4,4,3,hypothetical protein Bp8pS_291 [Bacillus phage vB_BpuM-BpSp]
ALN97761.1,-,Sigma70_r4,PF04545.17,4.9e-06,20.4,0.0,0.0019,12.1,0.0,2.3,2,0,0,2,2,2,2,hypothetical protein Bp8pS_082 [Bacillus phage vB_BpuM-BpSp]
QEG13663.1,-,Sigma70_r4,PF04545.17,2.7e-16,52.8,1.8,7.2e-16,51.5,0.9,2.3,2,0,0,2,2,2,1,putative RNA polymerase sigma factor [Bacillus phage vB_BspM_MarvelLand]
QEG13664.1,-,Sigma70_r4,PF04545.17,3.6e-10,33.2,0.9,6.9e-10,32.3,0.2,1.9,2,0,0,2,2,2,1,putative RNA polymerase sigma 28 subunit SigG [Bacillus phage vB_BspM_MarvelLand]
QMV48586.1,-,Sigma70_r4,PF04545.17,1.4e-06,21.6,0.0,2.5e-06,20.8,0.0,1.5,1,0,0,1,1,1,1,putative RNA polymerase sigma-70-like protein [Bacillus phage vB_BsuM-Goe10]
APZ82618.1,-,Sigma70_r4,PF04545.17,7.9e-14,44.9,1.4,4e-08,26.7,0.1,2.9,2,0,0,2,2,2,2,RNA polymerase sigma factor [Bacillus phage vB_BsuM-Goe3]
AZF89309.1,-,Sigma70_r4,PF04545.17,1.8e-09,31.1,0.0,9.5e-08,25.6,0.0,2.8,3,0,0,3,3,3,2,RNA polymerase sigma factor [Bacillus phage vB_BthM-Goe5]
QDP43467.1,-,Sigma70_r4,PF04545.17,1.2e-07,23.0,0.0,2.4e-07,21.9,0.0,1.6,1,0,0,1,1,1,1,hypothetical protein [Bacillus phage vB_BthS-HD29phi]
QCW20871.1,-,Sigma70_r4,PF04545.17,8.2e-10,30.5,0.0,1.6e-09,29.5,0.0,1.5,1,0,0,1,1,1,1,positive control sigma-like factor [Bacillus phage vB_BthS-TP21T]
AXF39918.1,-,Sigma70_r4,PF04545.17,5.3e-08,24.7,0.0,9.3e-08,23.9,0.0,1.4,1,0,0,1,1,1,1,hypothetical protein BMBphi_gp070 [Bacillus phage vB_BthS_BMBphi]
ANT40114.1,-,Sigma70_r4,PF04545.17,6.3e-08,23.8,0.0,1.1e-07,22.9,0.0,1.4,1,0,0,1,1,1,1,hypothetical protein BMBtpLA4_20 [Bacillus phage vB_BtS_BMBtp15]
AHJ86775.1,-,Sigma70_r4,PF04545.17,7.8e-10,30.5,0.1,1.7e-09,29.5,0.1,1.6,1,0,0,1,1,1,1,positive control sigma-like factor [Bacillus phage vB_BtS_BMBtp3]
QDP43184.1,-,Sigma70_r4,PF04545.17,8.5e-14,44.9,1.4,4.1e-08,26.7,0.1,2.9,2,0,0,2,2,2,2,putative RNA polymerase sigma-70 [Bacillus phage vB_BveM-Goe7]
AMW61966.1,-,Sigma70_r4,PF04545.17,1e-09,32.1,0.0,1e-07,25.6,0.0,3.0,3,0,0,3,3,3,2,sigma factor [Bacillus phage Vinny]
ADH03291.1,-,Sigma70_r4,PF04545.17,3.8e-10,33.3,2.5,1.2e-09,31.7,0.2,2.7,3,0,0,3,3,3,1,gp145 [Bacillus phage W.Ph.]
AID50197.1,-,Sigma70_r4,PF04545.17,7.6e-10,30.5,0.0,1.5e-09,29.5,0.0,1.5,1,0,0,1,1,1,1,sigma-70 family RNA polymerase sigma factor [Bacillus phage Waukesha92]
ASR79140.1,-,Sigma70_r4,PF04545.17,1.1e-11,38.4,0.6,1.7e-09,31.3,0.1,2.7,3,0,0,3,3,3,2,RNA polymerase sigma factor [Bacillus phage Zainny]
AMW62487.1,-,Sigma70_r4,PF04545.17,3e-13,43.4,0.1,8.9e-09,29.0,0.0,2.7,3,0,0,3,3,3,2,sigma factor [Bacillus phage Zuko]
AGE61114.1,-,Sigma70_r4,PF04545.17,6.6e-11,34.0,0.4,1.4e-10,33.0,0.1,1.7,2,0,0,2,2,2,1,RNA polymerase sigma-70 factor [Bacillus virus Andromeda]
AGY46846.1,-,Sigma70_r4,PF04545.17,5.8e-11,34.2,0.0,1e-10,33.4,0.0,1.4,1,0,0,1,1,1,1,RNA polymerase sigma-70 factor [Bacillus virus Blastoid]
ALO79609.1,-,Sigma70_r4,PF04545.17,2.3e-08,27.5,0.0,5.1e-08,26.5,0.0,1.6,1,0,0,1,1,1,1,sigma70 protein [Bacillus virus BM15]
AGE60732.1,-,Sigma70_r4,PF04545.17,7.3e-10,30.6,0.7,1.4e-09,29.8,0.2,1.8,2,0,0,2,2,2,1,RNA polymerase sigma-70 factor [Bacillus virus Curly]
AGE60807.1,-,Sigma70_r4,PF04545.17,5.5e-11,34.2,0.0,9.8e-11,33.4,0.0,1.5,1,0,0,1,1,1,1,RNA polymerase sigma-70 factor [Bacillus virus Eoghan]
AGE61035.1,-,Sigma70_r4,PF04545.17,9.7e-12,36.7,0.0,1.9e-11,35.7,0.0,1.5,1,0,0,1,1,1,1,RNA polymerase sigma-70 factor [Bacillus virus Finn]
AEO93274.1,-,Sigma70_r4,PF04545.17,5e-11,37.4,0.2,1e-10,36.4,0.2,1.5,1,0,0,1,1,1,1,gp3 [Bacillus virus G]
AEO93825.1,-,Sigma70_r4,PF04545.17,1.5e-06,23.1,0.0,5.6e-06,21.2,0.0,1.9,2,0,0,2,2,2,1,gp580 [Bacillus virus G]
AGY47231.1,-,Sigma70_r4,PF04545.17,5.3e-11,34.3,0.3,1.1e-10,33.2,0.1,1.7,2,0,0,2,2,2,1,RNA polymerase sigma factor [Bacillus virus Glittering]
ASU00034.1,-,Sigma70_r4,PF04545.17,1.7e-14,47.4,0.0,0.00026,14.8,0.0,5.3,5,0,0,5,5,5,4,HTH-DNA binding domain-containing protein [Bacillus virus PBS1]
ASU00021.1,-,Sigma70_r4,PF04545.17,4.8e-06,20.3,0.0,5.8e-06,20.1,0.0,1.2,1,0,0,1,1,1,1,HTH transcriptional regulator [Bacillus virus PBS1]
AGY48207.1,-,Sigma70_r4,PF04545.17,9.7e-12,36.7,0.0,1.9e-11,35.7,0.0,1.5,1,0,0,1,1,1,1,RNA polymerase sigma-70 factor [Bacillus virus Riggi]
AGE60961.1,-,Sigma70_r4,PF04545.17,5.5e-11,34.2,0.0,9.8e-11,33.4,0.0,1.5,1,0,0,1,1,1,1,RNA polymerase sigma-70 factor [Bacillus virus Taylor]
ABC40444.1,-,Sigma70_r4,PF04545.17,7.8e-09,26.8,0.0,1.3e-08,26.1,0.0,1.4,1,0,0,1,1,1,1,conserved phage protein [Bacillus virus Wbeta]
ABC40436.1,-,Sigma70_r4,PF04545.17,3.4e-08,24.8,0.0,1.1e-06,19.9,0.0,2.5,2,0,0,2,2,2,1,putative RNA polymerase sigma subunit [Bacillus virus Wbeta]
ABC40428.1,-,Sigma70_r4,PF04545.17,6.3e-07,20.7,1.9,4.9e-05,14.7,0.1,2.9,3,0,0,3,3,3,2,helix-turn-helix Cro and cI family protein [Bacillus virus Wbeta]
BAE47779.1,-,Sigma70_r4,PF04545.17,8.6e-07,22.1,0.4,1.6e-06,21.2,0.4,1.4,1,0,0,1,1,1,1,probable botulinum neurotoxin regulator protein [Clostridium phage c-st]
ALY06993.1,-,Sigma70_r4,PF04545.17,1.6e-07,22.7,0.0,3e-07,21.8,0.0,1.5,1,0,0,1,1,1,1,sigma70/sigmaF-like protein [Clostridium phage CDSH1]
AMB17432.1,-,Sigma70_r4,PF04545.17,2e-07,22.2,0.6,2e-07,22.2,0.6,1.9,3,0,0,3,3,3,1,sigma factor [Clostridium phage HM T]
QBJ05049.1,-,Sigma70_r4,PF04545.17,3.1e-07,21.7,0.2,5.7e-07,20.9,0.2,1.4,1,0,0,1,1,1,1,hypothetical protein JD032_4 [Clostridium phage JD032]
AAL96802.1,-,Sigma70_r4,PF04545.17,1.6e-10,32.1,0.7,2.5e-10,31.5,0.7,1.3,1,0,0,1,1,1,1,putative sigma factor [Clostridium phage phi3626]
CEK40326.1,-,Sigma70_r4,PF04545.17,1.6e-07,22.6,0.0,3.1e-07,21.8,0.0,1.5,1,0,0,1,1,1,1,Sigma70/sigmaF-like protein [Clostridium phage phiCD111]
CEK40379.1,-,Sigma70_r4,PF04545.17,1.5e-07,22.7,0.0,3.9e-07,21.4,0.0,1.7,1,0,0,1,1,1,1,Sigma70/sigmaF-like protein (fragment) [Clostridium phage phiCD146]
AEF56927.1,-,Sigma70_r4,PF04545.17,1.6e-07,22.7,0.0,3.1e-07,21.8,0.0,1.5,1,0,0,1,1,1,1,sigma70/sigmaF-like protein [Clostridium phage phiCD38-2]
CEK40621.1,-,Sigma70_r4,PF04545.17,4.4e-07,21.2,0.4,8.4e-07,20.3,0.4,1.4,1,0,0,1,1,1,1,conserved protein of unknown function [Clostridium phage phiCD481-1]
CDL65329.1,-,Sigma70_r4,PF04545.17,4.1e-07,21.2,0.4,7.8e-07,20.3,0.4,1.4,1,0,0,1,1,1,1,conserved hypothetical protein [Clostridium phage phiCDHM13]
CDU85333.1,-,Sigma70_r4,PF04545.17,4.1e-07,21.2,0.4,7.8e-07,20.3,0.4,1.4,1,0,0,1,1,1,1,conserved hypothetical protein [Clostridium phage phiCDHM14]
AJA42884.1,-,Sigma70_r4,PF04545.17,2.9e-09,28.5,0.1,2.7e-08,25.3,0.3,2.1,2,0,0,2,2,2,1,XRE family transcriptional regulator (endogenous virus) [Clostridium phage phiCT19406C]
AJA42885.1,-,Sigma70_r4,PF04545.17,1.5e-07,22.9,0.1,6.7e-07,20.9,0.1,1.8,2,0,0,2,2,2,1,Cro/Cl family transcriptional regulator (endogenous virus) [Clostridium phage phiCT19406C]
AJA42611.1,-,Sigma70_r4,PF04545.17,2.8e-09,28.4,0.1,2.6e-08,25.3,0.3,2.1,2,0,0,2,2,2,1,XRE transcriptional regulator (endogenous virus) [Clostridium phage phiCT453B]
AJA42612.1,-,Sigma70_r4,PF04545.17,3e-07,21.9,0.1,1.3e-06,20.0,0.1,1.8,2,0,0,2,2,2,1,Cro/Cl family transcriptional regulator (endogenous virus) [Clostridium phage phiCT453B]
ADL40362.1,-,Sigma70_r4,PF04545.17,1.5e-11,36.2,0.1,2.3e-11,35.6,0.1,1.3,1,0,0,1,1,1,1,putative RNA polymerase sigma factor [Clostridium phage phiCTP1]
AFO72183.1,-,Sigma70_r4,PF04545.17,3.5e-07,21.5,0.4,6.3e-07,20.7,0.4,1.4,1,0,0,1,1,1,1,hypothetical protein phiMMP04_gp46 [Clostridium phage phiMMP04]
CUL03828.1,-,Sigma70_r4,PF04545.17,1.5e-07,22.7,0.0,2.9e-07,21.8,0.0,1.5,1,0,0,1,1,1,1,hypothetical protein [Clostridium phage slur17]
AGH27928.1,-,Sigma70_r4,PF04545.17,5e-13,40.2,0.1,8.8e-13,39.4,0.1,1.4,1,0,0,1,1,1,1,putative sporulation sigma factor [Clostridium phage vB_CpeS-CP51]
